NNo,GCVS,RA,Dec,RA (hourangle),Type,Max,Min I,Min II,,Epoch,Year,Period,M-m,Spectrum,References,Other desig. p.m.(as/yr),,Epoch,,Ident.,New type,GCVS
490182,FS    Lib *,240.0989167,-12.3493056,16.00659445,M,15.1,20.2,,p,36685,,415,,M8.1-M9.0,03519 GSC,,,1983.061,,GSC,,FS    Lib
40228,IK    Aqr,336.43225,-11.2279167,22.42881667,BLLAC,19.1,20.2,,p,,,,,pec(BL),04033 76005,,,1954.654,,A2.0,BLLac,IK    Aqr
160135,DM    Cap *,328.546375,-9.0226944,21.90309167,NL,20.2,20.7,,*,,,,,pec(e),80030 GSC23,,,1987.784,,GSC2.3,CV,DM    Cap
360258,KY    Eri,47.71525,-7.91675,3.181016667,UGSU,15.6,20.7,,V,,,,,pec(UG),80027 80027,,,1993.726,,GSC2.3,,KY    Eri
40274,LZ    Aqr *,320.8105833,-5.7980278,21.38737222,XNDR,16.5,21.7,,R,50998,1998,,,pec(e),N0130,,,,,Lit.,XN,LZ    Aqr
420406,V0406 Hya,136.478125,-5.6023056,9.098541667,NL,16.5,20.3,,V,,,,,,78123 USNO,,,1977.4,,B1.0,,V0406 Hya
550686,V0686 Mon,111.428,-3.1060833,7.428533333,M,11.5,21,,p,,,,,,69197 69198,,,1986.197,,GSC2.2,,V0686 Mon
210173,FI    Cet,27.827375,-2.3835278,1.855158333,UG,14,20.8,,R,,,,,,78029 78029,,,1985,,B1.0,,FI    Cet
860595,V0595 Vir,221.4591667,-2.2304444,14.76394445,RRAB,18.6,20.1,,V,51236.8331,,0.50238,15,,80159 USNO,,,1957.323,,A2.0,,V0595 Vir
660082,BD    Psc,345.512625,-2.1944444,23.034175,UV,>18.,21,,p,,,,,,70092 70092,,,1953.914,,A2.0,,BD    Psc
760453,V0453 Ser,233.7195417,-1.6713333,15.58130278,RRAB,19.2,20.1,,V,51612.8728,,0.540028,11,,80159 USNO,,,1950.462,,A2.0,,V0453 Ser
760481,V0481 Ser,237.8210417,-1.61825,15.85473611,RRAB,18.9,20.1,,V,51999.9187,,0.496769,13,,80159 G2.3,,,1992.426,,GSC2.3,,V0481 Ser
760417,V0417 Ser,228.532,-1.4353611,15.23546667,RRAB,19.1,20.3,,V,51621.8781,,0.545916,,,80159 USNO,,,1955.3,,A2.0,,V0417 Ser
860558,V0558 Vir,216.756625,-1.3861944,14.45044167,AM,15.1,20.4,,R,,,,,pec(e),80400 SDSS,,-0.026  0.025,2000,,SDSS,,V0558 Vir
860548,V0548 Vir,215.027,-1.0178056,14.33513333,RRAB,19.2,20.2,,V,51338.6598,,0.545176,15,,80159 USNO,,,1955.39,,A2.0,,V0548 Vir
490308,OU    Lib,227.53725,-0.9748056,15.16915,RRAB,18.7,20.1,,V,51612.8382,,0.480064,11,,80159 USNO,,,1955.3,,A2.0,,OU    Lib
490283,MU    Lib,224.1577083,-0.9397222,14.94384722,RRAB,18.7,20.1,,V,51618.7483,,0.568229,13,,80159 USNO,,,1957.323,,A2.0,,MU    Lib
40380,V0380 Aqr *,340.5002917,-0.7061667,22.70001945,RR(B),20,20.6,,r',,,0.364,,,81040 USNO,,,1988.607,,G23,,V0380 Aqr
40334,QZ    Aqr *,322.84325,-0.6602778,21.52288333,UGSU,14.1,21,,*,,,,,,80577 USNO,,,1989.712,,GSC2.3,UGSU,QZ    Aqr
760452,V0452 Ser,233.6631667,-0.4375833,15.57754445,RRAB,18.9,20.2,,V,51257.8988,,0.636913,,,80159 USNO,,,1950.462,,A2.0,,V0452 Ser
40369,V0369 Aqr *,321.6224583,-0.3483333,21.44149722,RR(B),19.7,20.2,,r',,,0.439661,,,81040 USNO,,,1989.712,,G23,,V0369 Aqr
860508,V0508 Vir,208.4271667,-0.2858611,13.89514445,RRAB,19.3,20.3,,V,51579.9155,,0.550159,,,80159 USNO,,,1952.08,,A2.0,,V0508 Vir
760489,V0489 Ser,238.8833333,-0.1819722,15.92555555,EA,19.2,21,,*,53873.59434,,0.078847,12,pec(e),80064 80027,,,1992.424,,GSC2.3,,V0489 Ser
40340,V0340 Aqr,327.1772083,-0.1231667,21.81181389,UGSU,15,22.8,,r',,,,,,80582,,,2001.788,,SDSS,UGSU,V0340 Aqr
210201,GS    Cet,12.712125,0.1535833,0.847475,NL,20.65,20.85,,g,,,0.0558,,pec(e),80064 80027,,,1990.659,,GSC2.3,,GS    Cet
660260,LL    Psc *,350.446375,0.2356667,23.36309167,RR(B),19.8,20.6,,r',,,0.3486,,,81040 GSC23,,,1991.674,,G23,,LL    Psc
210216,HP    Cet,38.344125,0.8500833,2.556275,NL,19.4,20.1,,V,,,,,pec(e),80119 USNO,,,1984.5,,B1.0,,HP    Cet
40330,QV    Aqr *,316.2080833,1.0960556,21.08053889,UG,17.05,21,,g,,,,,pec(UG),80064 79229,,,2000,,Lit.,UG,QV    Aqr
860193,GK    Vir *,213.9022083,1.28825,14.26014722,EA/WD,17.01,23,,V,42543.8371,,0.344330809,1,,08278 08278,,,1955.374,,A2.0,,GK    Vir
860324,PZ    Vir,201.0482083,3.3473611,13.40321389,AM,20.5,21.8,,r,,,,,,78168 78043,,,2002.2,,Lit.,,PZ    Vir
460221,HU    Leo,141.1852917,8.0308333,9.41235278,EA+AM,18.2,21.5,,V,54856.71933,,0.0911411,8,pec(e),80237 USNO,,,2000.143,,2MASS,,HU    Leo
120286,MX    Cnc,138.8954583,8.23225,9.25969722,UG,17.7,23,,r,,,,,pec(UG),81130 81130,,0.000  0.000,2008.053,,Lit.,,MX    Cnc
120164,EU    Cnc *,132.8631667,11.7826111,8.857544447,XM,20.4,21,,V,,,0.0871,,pec(e),71080 79229,,,,,GCVS,AM,EU    Cnc
120079,AZ    Cnc *,130.1237083,18.4023889,8.674913887,UV,14.1,20.5,,U,,,,,M6.5Ve,03924 2MASS,,-1.267,2000,,2MASS+pm,UV,AZ    Cnc
120081,BC    Cnc *,130.2791667,19.0286111,8.68527778,UV,16.8,20.9,,U,,,,,M,5520,,,,,,UV,BC    Cnc
120116,CP    Cnc *,130.8416667,19.2011111,8.72277778,UV,16.4,20.1,,p,,,,,,70013,,,,,,UV,CP    Cnc
120107,CF    Cnc *,129.6416667,19.2588889,8.64277778,UV,14.4,20.6,,U,,,,,,70013,,,,,,UV,CF    Cnc
120080,BB    Cnc *,130.1583333,19.4963889,8.67722222,UV,15.7,21.8,,U,,,,,M,5520,,,,,,UV,BB    Cnc
70022,SV    Ari,51.2639167,19.8313611,3.417594447,N,12,22.1,,p,17156,1905,,,,72118 72118,,,1994.753,,Lit.,N,SV    Ari
120155,EL    Cnc *,129.0458333,20.0261111,8.603055553,UV,17.9,21,,p,,,,,,70013,,,,,,UV,EL    Cnc
120083,BE    Cnc *,130.3416667,20.2116667,8.689444447,UV,16.6,21.6,,U,,,,,,3924,,,,,,UV,BE    Cnc
120126,CZ    Cnc,126.3426667,20.3663333,8.422844447,UV,13.5,23,,p,,,,,M,08354 N0337,,,1998.023,,2MASS,UV,CZ    Cnc
780701,V0701 Tau *,56.0082083,21.9520556,3.733880553,UG,15,21,,p,,,,,,07484 07484,,,1990.8,,B1.0,,V0701 Tau
90039,UZ    Boo,221.0051667,22.0151667,14.73367778,UG,11,20.4,,V,,,-2191,,,N0054 72085,,,1992.193,,GSC2.3,UGWZ,UZ    Boo
780607,V0607 Tau *,55.1810833,22.2519722,3.678738887,UV,15,20.5,,p,,,,,,06893 10031,,,1998.752,,2MASS,,V0607 Tau
780748,V0748 Tau *,56.4941667,22.3323611,3.76627778,UV,16.2,20.2,,p,,,,,,08554 10031,,,1989.959,,GSC2.2,,V0748 Tau
780862,V0862 Tau,56.8155417,22.3547778,3.78770278,UV,15.9,21,,U,,,,,,68246 68236,,,1997.824,,2MASS,,V0862 Tau
780455,V0455 Tau *,56.84,22.3698611,3.789333333,UV,14,20.5,,U,,,,,,10031 10031,,,1997.824,,2MASS,,V0455 Tau
780741,V0741 Tau *,55.9967083,22.5726111,3.733113887,UV,16.1,20.5,,p,,,,,,08560 10031,,,1998.859,,2MASS,,V0741 Tau
780341,V0341 Tau *,57.0237917,22.636,3.801586113,UV,12,21,,U,,,,,,07328 10031,,,1997.824,,2MASS,,V0341 Tau
780853,V0853 Tau,56.3017917,22.6975278,3.75345278,UV,14.9,20.2,,U,,,,,,68241 68241,,,1998.859,,2MASS,,V0853 Tau
780639,V0639 Tau *,56.5399583,22.7103889,3.769330553,UV,15.2,20.2,,p,,,,,,06893 10031,,,1998.881,,2MASS,,V0639 Tau
780661,V0661 Tau *,57.146625,22.8951389,3.809775,UV,15.3,22,,U,,,,,,06894 06894,,,1997.824,?,2MASS,,V0661 Tau
780609,V0609 Tau *,55.4605833,22.9215833,3.69737222,UV,15.8,21,,p,,,,,,06893 10031,,,1998.752,,2MASS,,V0609 Tau
780256,KW    Tau *,55.0403333,23.1757778,3.669355553,UV,14.1,20.7,,U,,,,,,05606 10031,,,1998.752,,2MASS,,KW    Tau
780276,MN    Tau *,55.902375,23.2095278,3.726825,UV,15.3,20.6,,U,,,,,,03924 10031,,-0.023,2000,,2MASS+pm,,MN    Tau
780732,V0732 Tau *,54.63625,23.4020556,3.642416667,UV,16.2,21,,p,,,,,,08554 10031,,,1998.752,,2MASS,,V0732 Tau
780757,V0757 Tau *,57.1358333,23.4416667,3.809055553,UV,18.5,21,,p,,,,,,08554 10031,,,,?,Lit.,,V0757 Tau
780302,OO    Tau *,56.305875,23.5169167,3.753725,UV,14.1,20.2,,U,,,,,,05606 10031,,,1998.859,,2MASS,,OO    Tau
780345,V0345 Tau *,57.08575,23.5171389,3.805716667,UV,15,22,,U,,,,,,05606 10031,,,1997.824,,2MASS,,V0345 Tau
780319,PU    Tau *,56.7086667,23.5323333,3.78057778,UV,16,20.1,,U,,,,,,05520 10031,,,1998.881,,2MASS,,PU    Tau
780510,V0510 Tau *,55.8272083,23.5692222,3.721813887,UV,14.2,20.5,,U,,,,,,06397 10031,,,1998.752,,2MASS,,V0510 Tau
780804,V0804 Tau *,58.354,23.6308333,3.890266667,UV,15.3,21,,U,,,,,,08794 10031,,,1973.3,?,B1.0,,V0804 Tau
780854,V0854 Tau,56.364625,23.6325833,3.757641667,UV,16.7,21,,U,,,,,,68240 68241,,,1998.859,,2MASS,,V0854 Tau
460228,IK    Leo *,155.4435417,23.8243611,10.36290278,UGSU,13.9,21,,V,,,,,pec(UG),80331 80331,,,1990.012,,GSC2.3,,IK    Leo
780489,V0489 Tau *,54.9279583,23.90775,3.661863887,UV,14.2,20.5,,U,,,,,,10031 06395,,,1998.752,,2MASS,,V0489 Tau
780763,V0763 Tau *,57.7423333,23.9285833,3.849488887,UV,14.4,20.5,,U,,,,,,08564 10031,,,1997.824,,2MASS,,V0763 Tau
780298,NW    Tau *,56.1971667,24.0105278,3.74647778,UV,17.5,20.2,,U,,,,,M,03924 10031,,,1999.962,,2MASS,,NW    Tau
780528,V0528 Tau *,56.59775,24.0309444,3.773183333,UV,13.3,20.5,,U,,,,,,06397 10031,,,1998.889,,2MASS,,V0528 Tau
780795,V0795 Tau *,57.1332917,24.0800278,3.808886113,UV,14.5,20.5,,U,,,,,,08796 10031,,0.263,2000,,Lit.,,V0795 Tau
780327,QS    Tau *,56.7959167,24.2310278,3.786394447,UV,14,22,,U,,,,,,05607 10031,,,2000.732,,2MASS,,QS    Tau
780847,V0847 Tau,55.965625,24.2378056,3.731041667,UV,15,20.4,,p,,,,,,68239 68236,,,2000.732,,2MASS,,V0847 Tau
780301,NZ    Tau *,56.30475,24.2566111,3.75365,UV,15.8,21.6,,U,,,,,,05606 10031,,,1999.962,,2MASS,,NZ    Tau
780356,V0356 Tau *,57.2959583,24.3476111,3.819730553,UV,13.1,20.2,,U,,,,,M3,10031 07328,,,2000.023,,2MASS,,V0356 Tau
780669,V0669 Tau *,57.507,24.6135,3.8338,UV,13.5,22,,U,,,,,,07486 06894,,,1997.882,,2MASS,,V0669 Tau
780463,V0463 Tau *,57.1889583,24.6240278,3.81259722,UV,14.8,20.5,,p,,,,,,05928 10031,,,1997.882,,2MASS,,V0463 Tau
780334,QZ    Tau *,56.9412917,24.63375,3.796086113,UV,13.2,21.2,,U,,,,,,05607 10031,,,1998.889,,2MASS,,QZ    Tau
780401,V0401 Tau *,58.6042917,24.7121389,3.90695278,UV,16,21.4,,U,,,,,,03924 10031,,,1999.902,,2MASS,,V0401 Tau
780611,V0611 Tau *,55.63,24.8226667,3.708666667,UV,16.3,20.5,,p,,,,,,06893 10031,,,1999.842,,2MASS,,V0611 Tau
780792,V0792 Tau *,56.8958333,24.8536111,3.793055553,UV,13.4,20.5,,U,,,,,,8796,,,,,,,V0792 Tau
780752,V0752 Tau *,56.899375,24.8741389,3.793291667,UV,16.5,21.4,,U,,,,,,08561 10031,,,1998.889,,2MASS,,V0752 Tau
780324,PZ    Tau *,56.7275,24.9861944,3.781833333,UV,17,21,,U,,,,,,05610 10031,,,2000.732,,2MASS,,PZ    Tau
780397,V0397 Tau *,58.3520417,25.0353333,3.890136113,UV,16.6,21.6,,U,,,,,,03924 10031,,,1999.987,,2MASS,,V0397 Tau
780522,V0522 Tau *,56.3526667,25.0440556,3.756844447,UV,15.3,21,,U,,,,,,06397 10031,,,1999.962,,2MASS,,V0522 Tau
250215,HO    Com *,184.8791667,25.2225,12.32527778,UV,16.2,21,,p,,,,,,8397,,,,,,,HO    Com
780445,V0445 Tau *,56.5286667,25.2458611,3.76857778,UV,14.5,21,,p,,,,,,10031 10031,,,1999.962,,2MASS,,V0445 Tau
781212,V1212 Tau *,57.987375,25.4246111,3.865825,UGSU,15.3,21.5,,B,,,,,,77033 77033,,,1986.845,,GCVS,,V1212 Tau
780390,V0390 Tau *,58.033125,25.4652222,3.868875,UV,16.5,22.5,,U,,,,,,05520 10031,,,1998.763,,2MASS,,V0390 Tau
780791,V0791 Tau *,56.8877083,25.6385278,3.792513887,UV,16.5,20.1,,p,,,,,,08794 10031,,,1998.889,,2MASS,,V0791 Tau
780742,V0742 Tau *,56.13775,25.7527222,3.742516667,UV,14.1,20.1,,U,,,,,,10031 10031,,,1999.902,,2MASS,,V0742 Tau
270036,UW    CrB,241.441125,25.8627222,16.096075,X+E,18.87,20.1,,R,,,,,,71136 71137,,,1950.369,,A2.0,,UW    CrB
250219,HS    Com *,186.6,25.89,12.44,UV,15.5,21,,p,,,,,,8397,,,,,,,HS    Com
780619,V0619 Tau *,55.8591667,26.0419167,3.723944447,UV,15.5,20.7,,p,,,,,,10031 10031,,,1999.899,,2MASS,,V0619 Tau
780252,KS    Tau *,55.0454583,26.1113889,3.66969722,UV,14.4,20.9,,U,,,,,,05606 10031,,,1999.861,,2MASS,,KS    Tau
250184,FU    Com,187.7145417,27.1194167,12.51430278,UG,19.5,21,,p,,,,,,05378 USNO,,,1950.276,,A2.0,,FU    Com
250188,FY    Com,192.3166667,27.4227778,12.82111111,UG,19.5,21,,p,,,,,,5378,,,,?,Lit.,,FY    Com
250179,FP    Com *,186.8299583,27.6000833,12.45533055,UV,15.5,21,,p,,,,,,05378 2MASS,,-0.133,2000,,2MASS+pm,,FP    Com
250192,GI    Com,188.402125,28.1114722,12.56014167,UV,14.1,20.5,,p,,,,,,06337 06337,,,1950.276,,A2.0,,GI    Com
250186,FW    Com,190.8125,28.2930556,12.72083333,RR,19,20.2,,p,,,,,,5378,,,,,,,FW    Com
620370,V0370 Peg,358.663125,28.3816944,23.910875,UG,16.3,21,,R,,,,,,75208 75303,,,1993.645,,GCVS,,V0370 Peg
800096,BS    Tri,32.37425,28.5415,2.158283333,E+XM,17,21.5,,V,53666.543,,0.06685,6,pec(e),80108 80108,,,1997.846,,2MASS,,BS    Tri
830106,CE    UMa *,169.0458333,29.3605556,11.26972222,UG,15.5,21,,p,,,,,,5940,,,,,,,CE    UMa
250183,FT    Com,187.6958333,29.3741667,12.51305555,RR,19.5,20.2,,p,,,,,,5378,,,,,,,FT    Com
250187,FX    Com,191.1125,29.66,12.74083333,RR,19.7,20.5,,p,,,,,,5378,,,,,,,FX    Com
401247,V1247 Her,257.937875,30.22225,17.19585833,NL,21.44,21.67,,*,,,0.05579861,,,80030 80027,,,1950.462,,A2.0,,V1247 Her
120071,AR    Cnc *,140.5315417,31.0540833,9.368769447,UG+E,15.3,21.3,,V,,,0.2146,,pec(UG)+M4-5.5,N0325 72085,,,1955.229,,A2.0,UG+E,AR    Cnc
660072,AS    Psc,22.034875,31.24925,1.468991667,UG,16.5,21.5,,B,,,,,,67191 67190,,,2002.05,,Lit.,,AS    Psc
630512,V0512 Per,52.2657083,31.2677778,3.484380553,INT,20.22,23.8,,V,,,,,,71022 71022,,,1992.742,,GSC2.2,,V0512 Per
800028,TU    Tri,24.8155417,31.4041667,1.654369447,UGSU,14.8,20.4,,p,,,,,,08475 08475,,,1977.5,,B1.0,,TU    Tri
800039,UZ    Tri,29.60275,33.5252778,1.973516667,N,>14.2,21,,p,,,,,,69005 69005,,,1976,?,B1.0,,UZ    Tri
270097,BT    CrB,239.2372917,35.3935,15.94915278,EA,18.9,20.4,,V,53193.859,,0.0892,,pec(e),80405 USNO,,,1994.368,,GSC2.3,,BT    CrB
800120,CT    Tri,39.662875,35.9469722,2.644191667,UGSU,14.34,21,,V,,,,,,80122 80122,,,1987.752,,GSC2.3,,CT    Tri
470053,YZ    LMi *,141.6614167,36.4006667,9.444094447,EA,19.2,20.2,19.3,g',53473.72539,,0.01966,2,pec(e),80320 USNO,,,1998.305,,GSC2.3,,YZ    LMi
80654,V0654 Aur,112.294625,36.9773889,7.486308333,XM,19.5,20.7,,V,,,0.104,,,80278 USNO,,,1985.8,,B1.0,AM,V0654 Aur
630965,V0965 Per,47.817625,37.0840833,3.187841667,N,17.5,21,,*,55873,2011,,,pec(Nova),80608,,,2011.854,,Lit..,,V0965 Per
10744,V0744 And *,22.4169167,38.7029167,1.494461113,AM,15.13,20.05,,g,,,,,pec(e),81037,,0.001  0.005,2000,,SDSS,,V0744 And
10677,V0677 And,353.5962083,39.2398333,23.57308055,UGSU,18.2,21,,V,,,,,pec(e),80610 80630,,,1995.626,,GSC2.3,UGSU,V0677 And
80496,V0496 Aur,111.9675,40.7820833,7.4645,UG,15.7,21,,R,,,,,pec(UG),75039 79229,,,,,Lit.,UG,V0496 Aur
10319,PU    And *,11.3533333,40.8033333,0.756888887,EB,24.2,24.93,24.4,B,46350.83,,0.5685,,,70004,#NULL!,,,,GCVS,EC,PU    And
80813,V0813 Aur,109.9538333,40.8921667,7.330255553,UG,16.7,21.5,,*,,,,,,81118 81118,,0.000  0.000,2003.839,,SDSS,,V0813 Aur
311612,V1612 Cyg,315.88875,41.1911111,21.05925,UV,16.2,20.5,,p,,,,,,07948 2MASS,,,2000.379,,2MASS,,V1612 Cyg
10256,KW    And,38.825,41.2339167,2.588333333,UG,14.8,22,,p,,,,,pec(UG),08197 72085,,,1951.973,,A2.0,UG,KW    And
10225,HY    And *,10.6343333,41.6709444,0.708955553,UV,18.2,20.3,,B,,,,,,N0082 07737,#NULL!,,1998.895,,2MASS,UV,HY    And
400762,V0762 Her,259.6472083,41.6997222,17.30981389,IA,19.5,20.5,,B,,,,,,08474 08474,,,1953.452,,A2.0,,V0762 Her
400764,V0764 Her,260.0201667,41.7955278,17.33467778,IA,18.7,20.1,,B,,,,,,08474 08474,,,1953.452,,A2.0,,V0764 Her
10267,LS    And *,8.0425833,41.9698889,0.53617222,NA,11.7,20.2,,B,41188,1971,,,,67003 72118,#NULL!,,1953.775,,A2.0,N,LS    And
400763,V0763 Her,259.645625,42.1905,17.30970833,IA,19,20.6,,B,,,,,,08474 08474,,,1953.452,,A2.0,,V0763 Her
10500,V0500 And *,10.6104167,42.2601944,0.707361113,UGSU,14.5,20.5,,*,,,,,pec(UG),80233,,,2008.908,,Lit.,UGWZ,V0500 And
400760,V0760 Her,259.33875,42.4078611,17.28925,IA,19.2,20.1,,B,,,,,,08474 08474,,,1954.517,,A2.0,,V0760 Her
10243,IZ    And,16.7660833,42.7201111,1.117738887,UG,15.4,20.5,,p,,,,,OB,N0086 72085,,,1989.76,,GSC2.2,UG,IZ    And
400766,V0766 Her,260.425625,42.7424722,17.36170833,IA,19.3,20.4,,B,,,,,,08474 08474,,,1953.452,,A2.0,,V0766 Her
400756,V0756 Her,258.0305833,42.8291667,17.20203889,IA,19.4,20.6,,B,,,,,,08474 08474,,,1954.517,,A2.0,,V0756 Her
311613,V1613 Cyg,316.0271667,43.5898611,21.06847778,UVN,15.9,21.5,,U,,,,,,07948 2MASS,,,1999.437,,2MASS,,V1613 Cyg
400754,V0754 Her,257.5087917,43.9651111,17.16725278,IA,18.2,20.8,,B,,,,,,08474 08474,,,1954.517,,A2.0,,V0754 Her
80808,V0808 Aur *,107.858375,44.0681111,7.190558333,AM+EA,14.8,21.4,,V,,,,,wd+dM,81115 USNO,,,1998.295,,2MASS,,V0808 Aur
400758,V0758 Her,258.5580833,44.1236944,17.23720555,IA,18.9,20.1,,B,,,,,,08474 08474,,,1954.517,,A2.0,,V0758 Her
400755,V0755 Her,258.0115833,44.2269444,17.20077222,IA,19.4,20.3,,B,,,,,,08474 08474,,,1954.517,,A2.0,,V0755 Her
400765,V0765 Her,260.1549167,44.3564167,17.34366111,IA,19.5,20.3,,B,,,,,,08474 08474,,,1953.452,,A2.0,,V0765 Her
830067,AN    UMa *,166.106875,45.0538333,11.07379167,E+XRM,14.9,20.2,,B,42891.397,,0.0797522,,pec(e+cont),09871 09472,,-0.062,2000,,NPM,,AN    UMa
90314,PP    Boo,228.558625,45.8202778,15.23724167,NL,20.2,20.5,,g,,,,,pec(e),80030 79229,,,1953.203,,A2.0,CV,PP    Boo
312466,V2466 Cyg,330.6743333,46.6519167,22.04495555,UGSU,15.7,21,,B,,,,,,78297 78297,,,1974.692,,Lit.,,V2466 Cyg
311500,V1500 Cyg *,317.9025417,48.1506667,21.19350278,NA,1.69,21,,V,42655,1975,,,pec(Nova),09173 07464,,,1990.645,,GCVS,,V1500 Cyg
830319,PU    UMa *,135.266375,48.1532778,9.017758333,UG+EA,16.2,21.2,,*,53773.4875,,0.0778805,10,pec(UG),80030 80027,,,1954.18,,A2.0,,PU    UMa
180712,V0712 Cas *,9.6116667,48.3358333,0.64077778,E,24.48,25.41,,g,47036.769,,0.7225,,,73075 73075,,,1987,,GCVS,E,V0712 Cas
180713,V0713 Cas *,9.6141667,48.3644444,0.640944447,E,24.55,25.59,,g,46731.69,,0.51423,,,73075 73075,,,1987,,GCVS,E,V0713 Cas
180711,V0711 Cas *,9.5983333,48.3819444,0.639888887,E,25.02,26.19,,g,47035.866,,0.36077,,,73075 73075,,,1987,,GCVS,E,V0711 Cas
180717,V0717 Cas *,9.7391667,48.4069444,0.64927778,RRC,24.28,25.33,,g,47034.94,,0.21599,,,73075 73075,,,1987,,GCVS,RR1,V0717 Cas
180715,V0715 Cas *,9.725,48.4211111,0.648333333,E,24.32,25.44,,g,47036.769,,0.71358,,,73075 73075,,,1987,,GCVS,E,V0715 Cas
180714,V0714 Cas *,9.6145833,48.4388889,0.64097222,E,24.46,25.32,,g,46733.725,,0.29863,,,73075 73075,,,1987,,GCVS,E,V0714 Cas
180719,V0719 Cas *,9.7441667,48.4494444,0.649611113,E,24.3,25.33,,g,46733.62,,0.62853,,,73075 73075,,,1987,,GCVS,E,V0719 Cas
180716,V0716 Cas *,9.7391667,48.4519444,0.64927778,E,24.17,25.08,,g,,,0.73948,,,73075 73075,,,1987,,GCVS,E,V0716 Cas
180718,V0718 Cas *,9.7408333,48.4588889,0.649388887,E,24.22,25.2,,g,47035.87,,1.33835,,,73075 73075,,,1987,,GCVS,E,V0718 Cas
130198,GP    CVn *,186.9195833,51.6570556,12.46130555,UGSU+EA,14.5,21.4,,*,,,,,DA+M,81153 81153,,0.000  0.000,1953.29,,A20,,GP    CVn
312070,V2070 Cyg,321.667,52.3189167,21.44446667,LB,19.1,20.2,,B,,,,,,73134 73134,,,1991.762,,GCVS,,V2070 Cyg
830165,EV    UMa,196.9744167,53.8584444,13.13162778,AM,17,21,,V,,,,,,72171 72218,,,1999.193,,2MASS,,EV    UMa
630159,EP    Per,43.7983333,54.4295833,2.919888887,M,15.5,21,,p,29174,,262,,,00911 02347,,,1993.94,,GSC2.2,,EP    Per
830019,SS    UMa,210.51125,54.4658333,14.03408333,SN,13.5,20.8,,B,18359,1909,,,,V 436 V 436,#NAME?,,1909.143,,Lit.,,SS    UMa
181215,V1215 Cas *,359.2384583,56.5676111,23.94923055,EA,21.1,21.5,21.5,r',51798.4653,,2.621486,2,,00001 80614,,,1999.5,,Lit.,EA,V1215 Cas
181221,V1221 Cas *,359.3550833,56.5769444,23.95700555,EW,19.49,20.2,19.95,V,,,0.2789,,,80004 80004,,,1952.953,,A2.0,EC,V1221 Cas
181237,V1237 Cas *,359.6640833,56.6124167,23.97760555,EA/RS,20.51,20.99,,r',51808.7056,,0.450285,14,,80614 80614,,,1999.5,,Lit.,EA+RS,V1237 Cas
181198,V1198 Cas *,358.9955417,56.6748889,23.93303611,EA,20.1,20.7,,r',51798.5229,,,,,80614 80614,,,1999.5,,Lit.,EA,V1198 Cas
181201,V1201 Cas *,359.0345833,56.6927778,23.93563889,UV,18,22,,V,,,,,,80004 80004,,,1992.8,,Lit.,UV,V1201 Cas
181196,V1196 Cas *,358.8267083,56.7206389,23.92178055,EA/RS,19.92,20.2,20.2,r',51800.6104,,0.904404,,,80614 80614,,,1999.5,,Lit.,EA+RS,V1196 Cas
181230,V1230 Cas *,359.5557083,56.7600278,23.97038055,EA,20.4,20.58,20.46,r',51807.1193,,1.074,6,,80614 80614,,,1999.5,,Lit.,EA,V1230 Cas
181203,V1203 Cas *,359.0490417,56.7654444,23.93660278,EA/RS,20.05,20.62,20.2,r',51807.2607,,1.531,6,,80614 80614,,,1999.5,,Lit.,EA+RS,V1203 Cas
181232,V1232 Cas *,359.6139167,56.7767778,23.97426111,E,20.86,20.99,,r',51807.5492,,,,,80614 80614,,,1999.5,,Lit.,E,V1232 Cas
181226,V1226 Cas *,359.43775,56.9268333,23.96251667,EA,20.7,20.8,,r',51806.4638,,,,,80614 80614,,,1999.5,,Lit.,EA,V1226 Cas
181222,V1222 Cas *,359.3749583,56.9595278,23.95833055,EA/RS,20.25,20.6,20.5,r',51801.1921,,0.902117,7,,80614 80614,,,1999.5,,Lit.,EA+RS,V1222 Cas
181037,V1037 Cas *,7.2627083,59.5719167,0.484180553,*,17.2,22,,i',,,,,,N0475 80040,,,2006,,Lit.,Xlm,V1037 Cas
180220,HT    Cas *,17.554,60.07675,1.170266667,UGSU+EA,10.7,20.12,,V,43727.93729,,0.073647203,10,pec(UG)+M5,N0344 72085,,,1952.71,,A2.0,UGSU+EA,HT    Cas
830427,V0427 UMa,209.1767083,61.50675,13.94511389,UG,15.5,20.3,,CV,,,,,,81155 USNO,,0.000  0.000,1996.149,,G23,,V0427 UMa
180955,V0955 Cas,357.9049583,63.0102778,23.86033055,M,15.7,22,,I,50046,,575,,,76006 2MASS,,,1992.741,,GSC2.2,M,V0955 Cas
110274,LZ    Cam,56.9373333,63.4736389,3.79582222,EW,19.5,20.61,20.2,V,51871.186,,0.326171,,,78059 78059,,,1954.013,,A2.0,EC,LZ    Cam
180710,V0710 Cas *,9.1916667,63.4813611,0.61277778,FU,18.6,21.6,,V,,,,,F8II,73074 2MASS,,,1998.668,,2MASS,TT,V0710 Cas
200350,V0350 Cep,325.7500417,66.1911111,21.71666945,INT,17,21,,p,,,,,e(T),08381 08381,,,1999.742,,2MASS,,V0350 Cep
200709,V0709 Cep,344.538,66.3534444,22.9692,N,12.63,20.6,,*,,,,,,77206 77207,,,2001.719,,Lit.,,V0709 Cep
340309,OV    Dra *,192.599375,66.92375,12.83995833,EA,19,20.7,,*,53407.55966,,0.0587357,6,pec(e),80030 USNO,,-0.026  0.001,2000,,SDSS,,OV    Dra
110528,V0528 Cam,56.2115,68.63125,3.747433333,UG,14.9,21,,*,,,,,pec,81062 81062,,0.000  0.000,1993.733,,G23,,V0528 Cam
181180,V1180 Cas *,38.256375,72.7241667,2.550425,INT,14.59,21,,Ic,,,,,K7-M0e,80430 80430,,-0.008,2000,,SDSS,TT,V1180 Cas
840015,RW    UMi,251.9784167,77.03675,16.79856111,NA,6,21,,p,35741,1956,,,pec(Nova),04204 04205,,,1996.533,,GSC2.2,,RW    UMi
