NNo,GCVS,RA,Dec,RA (hourangle),Type,Max,Min I,Min II,,Epoch,Year,Period,M-m,Spectrum,References,Other desig. p.m.(as/yr),,Epoch,,Ident.,New type,GCVS,
181037,V1037 Cas *,7.2627083,59.5719167,0.484180553,*,17.2,22,,i',,,,,,N0475 80040,,,2006,,Lit.,Xlm,V1037 Cas,
10267,LS    And *,8.0425833,41.9698889,0.53617222,NA,11.7,20.2,,B,41188,1971,,,,67003 72118,#NULL!,,1953.775,,A2.0,N,LS    And,
180710,V0710 Cas *,9.1916667,63.4813611,0.61277778,FU,18.6,21.6,,V,,,,,F8II,73074 2MASS,,,1998.668,,2MASS,TT,V0710 Cas,
180711,V0711 Cas *,9.5983333,48.3819444,0.639888887,E,25.02,26.19,,g,47035.866,,0.36077,,,73075 73075,,,1987,,GCVS,E,V0711 Cas,
180712,V0712 Cas *,9.6116667,48.3358333,0.64077778,E,24.48,25.41,,g,47036.769,,0.7225,,,73075 73075,,,1987,,GCVS,E,V0712 Cas,
180713,V0713 Cas *,9.6141667,48.3644444,0.640944447,E,24.55,25.59,,g,46731.69,,0.51423,,,73075 73075,,,1987,,GCVS,E,V0713 Cas,
180714,V0714 Cas *,9.6145833,48.4388889,0.64097222,E,24.46,25.32,,g,46733.725,,0.29863,,,73075 73075,,,1987,,GCVS,E,V0714 Cas,
180715,V0715 Cas *,9.725,48.4211111,0.648333333,E,24.32,25.44,,g,47036.769,,0.71358,,,73075 73075,,,1987,,GCVS,E,V0715 Cas,
180717,V0717 Cas *,9.7391667,48.4069444,0.64927778,RRC,24.28,25.33,,g,47034.94,,0.21599,,,73075 73075,,,1987,,GCVS,RR1,V0717 Cas,
180716,V0716 Cas *,9.7391667,48.4519444,0.64927778,E,24.17,25.08,,g,,,0.73948,,,73075 73075,,,1987,,GCVS,E,V0716 Cas,
180718,V0718 Cas *,9.7408333,48.4588889,0.649388887,E,24.22,25.2,,g,47035.87,,1.33835,,,73075 73075,,,1987,,GCVS,E,V0718 Cas,
180719,V0719 Cas *,9.7441667,48.4494444,0.649611113,E,24.3,25.33,,g,46733.62,,0.62853,,,73075 73075,,,1987,,GCVS,E,V0719 Cas,
10500,V0500 And *,10.6104167,42.2601944,0.707361113,UGSU,14.5,20.5,,*,,,,,pec(UG),80233,,,2008.908,,Lit.,UGWZ,V0500 And,
10225,HY    And *,10.6343333,41.6709444,0.708955553,UV,18.2,20.3,,B,,,,,,N0082 07737,#NULL!,,1998.895,,2MASS,UV,HY    And,
10319,PU    And *,11.3533333,40.8033333,0.756888887,EB,24.2,24.93,24.4,B,46350.83,,0.5685,,,70004,#NULL!,,,,GCVS,EC,PU    And,
210201,GS    Cet,12.712125,0.1535833,0.847475,NL,20.65,20.85,,g,,,0.0558,,pec(e),80064 80027,,,1990.659,,GSC2.3,,GS    Cet,
10243,IZ    And,16.7660833,42.7201111,1.117738887,UG,15.4,20.5,,p,,,,,OB,N0086 72085,,,1989.76,,GSC2.2,UG,IZ    And,
180220,HT    Cas *,17.554,60.07675,1.170266667,UGSU+EA,10.7,20.12,,V,43727.93729,,0.073647203,10,pec(UG)+M5,N0344 72085,,,1952.71,,A2.0,UGSU+EA,HT    Cas,
660072,AS    Psc,22.034875,31.24925,1.468991667,UG,16.5,21.5,,B,,,,,,67191 67190,,,2002.05,,Lit.,,AS    Psc,
10744,V0744 And *,22.4169167,38.7029167,1.494461113,AM,15.13,20.05,,g,,,,,pec(e),81037,,0.001  0.005,2000,,SDSS,,V0744 And,
800028,TU    Tri,24.8155417,31.4041667,1.654369447,UGSU,14.8,20.4,,p,,,,,,08475 08475,,,1977.5,,B1.0,,TU    Tri,
210173,FI    Cet,27.827375,-2.3835278,1.855158333,UG,14,20.8,,R,,,,,,78029 78029,,,1985,,B1.0,,FI    Cet,
800039,UZ    Tri,29.60275,33.5252778,1.973516667,N,>14.2,21,,p,,,,,,69005 69005,,,1976,?,B1.0,,UZ    Tri,
800096,BS    Tri,32.37425,28.5415,2.158283333,E+XM,17,21.5,,V,53666.543,,0.06685,6,pec(e),80108 80108,,,1997.846,,2MASS,,BS    Tri,
181180,V1180 Cas *,38.256375,72.7241667,2.550425,INT,14.59,21,,Ic,,,,,K7-M0e,80430 80430,,-0.008,2000,,SDSS,TT,V1180 Cas,
210216,HP    Cet,38.344125,0.8500833,2.556275,NL,19.4,20.1,,V,,,,,pec(e),80119 USNO,,,1984.5,,B1.0,,HP    Cet,
10256,KW    And,38.825,41.2339167,2.588333333,UG,14.8,22,,p,,,,,pec(UG),08197 72085,,,1951.973,,A2.0,UG,KW    And,
410045,WW    Hor,39.0477083,-52.3206667,2.603180553,E+XM,18.4,23,,B,,,,,,69163 69164,,,1979.806,,A2.0,,WW    Hor,
800120,CT    Tri,39.662875,35.9469722,2.644191667,UGSU,14.34,21,,V,,,,,,80122 80122,,,1987.752,,GSC2.3,,CT    Tri,
370078,AY    For,40.6450833,-28.0455556,2.70967222,EA+NL,18.4,20.7,,V,52577.4376,,0.0746,15,pec(e),80119 80125,,,1998.864,,2MASS,,AY    For,
370041,VW    For,43.213625,-30.6287222,2.880908333,AM,19.5,20.5,,p,,,,,,73015 73015,,,1978.815,,GCVS,,VW    For,
630159,EP    Per,43.7983333,54.4295833,2.919888887,M,15.5,21,,p,29174,,262,,,00911 02347,,,1993.94,,GSC2.2,,EP    Per,
360258,KY    Eri,47.71525,-7.91675,3.181016667,UGSU,15.6,20.7,,V,,,,,pec(UG),80027 80027,,,1993.726,,GSC2.3,,KY    Eri,
630965,V0965 Per,47.817625,37.0840833,3.187841667,N,17.5,21,,*,55873,2011,,,pec(Nova),80608,,,2011.854,,Lit..,,V0965 Per,
70022,SV    Ari,51.2639167,19.8313611,3.417594447,N,12,22.1,,p,17156,1905,,,,72118 72118,,,1994.753,,Lit.,N,SV    Ari,
630512,V0512 Per,52.2657083,31.2677778,3.484380553,INT,20.22,23.8,,V,,,,,,71022 71022,,,1992.742,,GSC2.2,,V0512 Per,
370039,UZ    For,53.86925,-25.7394167,3.591283333,E+XM,18.2,20.9,,V,,,,,,69146 69147,,,1983.335,,A2.0,,UZ    For,
780732,V0732 Tau *,54.63625,23.4020556,3.642416667,UV,16.2,21,,p,,,,,,08554 10031,,,1998.752,,2MASS,,V0732 Tau,
780489,V0489 Tau *,54.9279583,23.90775,3.661863887,UV,14.2,20.5,,U,,,,,,10031 06395,,,1998.752,,2MASS,,V0489 Tau,
780256,KW    Tau *,55.0403333,23.1757778,3.669355553,UV,14.1,20.7,,U,,,,,,05606 10031,,,1998.752,,2MASS,,KW    Tau,
780252,KS    Tau *,55.0454583,26.1113889,3.66969722,UV,14.4,20.9,,U,,,,,,05606 10031,,,1999.861,,2MASS,,KS    Tau,
780607,V0607 Tau *,55.1810833,22.2519722,3.678738887,UV,15,20.5,,p,,,,,,06893 10031,,,1998.752,,2MASS,,V0607 Tau,
370026,SZ    For,55.3330417,-26.6059722,3.688869447,UG,18.2,20.8,,p,,,,,,04033 04033,,,1983.335,,A2.0,,SZ    For,
780609,V0609 Tau *,55.4605833,22.9215833,3.69737222,UV,15.8,21,,p,,,,,,06893 10031,,,1998.752,,2MASS,,V0609 Tau,
430099,BV    Hyi,55.532,-71.8590833,3.702133333,RR,19.63,20.29,,B,,,,,,72082 72082,,,1980.379,,A2.0,,BV    Hyi,
780611,V0611 Tau *,55.63,24.8226667,3.708666667,UV,16.3,20.5,,p,,,,,,06893 10031,,,1999.842,,2MASS,,V0611 Tau,
780510,V0510 Tau *,55.8272083,23.5692222,3.721813887,UV,14.2,20.5,,U,,,,,,06397 10031,,,1998.752,,2MASS,,V0510 Tau,
780619,V0619 Tau *,55.8591667,26.0419167,3.723944447,UV,15.5,20.7,,p,,,,,,10031 10031,,,1999.899,,2MASS,,V0619 Tau,
780276,MN    Tau *,55.902375,23.2095278,3.726825,UV,15.3,20.6,,U,,,,,,03924 10031,,-0.023,2000,,2MASS+pm,,MN    Tau,
780847,V0847 Tau,55.965625,24.2378056,3.731041667,UV,15,20.4,,p,,,,,,68239 68236,,,2000.732,,2MASS,,V0847 Tau,
780741,V0741 Tau *,55.9967083,22.5726111,3.733113887,UV,16.1,20.5,,p,,,,,,08560 10031,,,1998.859,,2MASS,,V0741 Tau,
780701,V0701 Tau *,56.0082083,21.9520556,3.733880553,UG,15,21,,p,,,,,,07484 07484,,,1990.8,,B1.0,,V0701 Tau,
780742,V0742 Tau *,56.13775,25.7527222,3.742516667,UV,14.1,20.1,,U,,,,,,10031 10031,,,1999.902,,2MASS,,V0742 Tau,
780298,NW    Tau *,56.1971667,24.0105278,3.74647778,UV,17.5,20.2,,U,,,,,M,03924 10031,,,1999.962,,2MASS,,NW    Tau,
110528,V0528 Cam,56.2115,68.63125,3.747433333,UG,14.9,21,,*,,,,,pec,81062 81062,,0.000  0.000,1993.733,,G23,,V0528 Cam,
780853,V0853 Tau,56.3017917,22.6975278,3.75345278,UV,14.9,20.2,,U,,,,,,68241 68241,,,1998.859,,2MASS,,V0853 Tau,
780301,NZ    Tau *,56.30475,24.2566111,3.75365,UV,15.8,21.6,,U,,,,,,05606 10031,,,1999.962,,2MASS,,NZ    Tau,
780302,OO    Tau *,56.305875,23.5169167,3.753725,UV,14.1,20.2,,U,,,,,,05606 10031,,,1998.859,,2MASS,,OO    Tau,
430100,BW    Hyi,56.3137083,-71.9379722,3.75424722,RRAB,18.78,21.12,,B,,,,,,72082 72082,,,1980.379,,A2.0,,BW    Hyi,
430101,BX    Hyi,56.3185,-71.927,3.754566667,RRC,19.1,20.06,,B,,,,,,72082 72082,,,1980.379,,A2.0,,BX    Hyi,
780522,V0522 Tau *,56.3526667,25.0440556,3.756844447,UV,15.3,21,,U,,,,,,06397 10031,,,1999.962,,2MASS,,V0522 Tau,
780854,V0854 Tau,56.364625,23.6325833,3.757641667,UV,16.7,21,,U,,,,,,68240 68241,,,1998.859,,2MASS,,V0854 Tau,
780748,V0748 Tau *,56.4941667,22.3323611,3.76627778,UV,16.2,20.2,,p,,,,,,08554 10031,,,1989.959,,GSC2.2,,V0748 Tau,
780445,V0445 Tau *,56.5286667,25.2458611,3.76857778,UV,14.5,21,,p,,,,,,10031 10031,,,1999.962,,2MASS,,V0445 Tau,
780639,V0639 Tau *,56.5399583,22.7103889,3.769330553,UV,15.2,20.2,,p,,,,,,06893 10031,,,1998.881,,2MASS,,V0639 Tau,
780528,V0528 Tau *,56.59775,24.0309444,3.773183333,UV,13.3,20.5,,U,,,,,,06397 10031,,,1998.889,,2MASS,,V0528 Tau,
780319,PU    Tau *,56.7086667,23.5323333,3.78057778,UV,16,20.1,,U,,,,,,05520 10031,,,1998.881,,2MASS,,PU    Tau,
780324,PZ    Tau *,56.7275,24.9861944,3.781833333,UV,17,21,,U,,,,,,05610 10031,,,2000.732,,2MASS,,PZ    Tau,
780327,QS    Tau *,56.7959167,24.2310278,3.786394447,UV,14,22,,U,,,,,,05607 10031,,,2000.732,,2MASS,,QS    Tau,
780862,V0862 Tau,56.8155417,22.3547778,3.78770278,UV,15.9,21,,U,,,,,,68246 68236,,,1997.824,,2MASS,,V0862 Tau,
780455,V0455 Tau *,56.84,22.3698611,3.789333333,UV,14,20.5,,U,,,,,,10031 10031,,,1997.824,,2MASS,,V0455 Tau,
780791,V0791 Tau *,56.8877083,25.6385278,3.792513887,UV,16.5,20.1,,p,,,,,,08794 10031,,,1998.889,,2MASS,,V0791 Tau,
780792,V0792 Tau *,56.8958333,24.8536111,3.793055553,UV,13.4,20.5,,U,,,,,,8796,,,,,,,V0792 Tau,
780752,V0752 Tau *,56.899375,24.8741389,3.793291667,UV,16.5,21.4,,U,,,,,,08561 10031,,,1998.889,,2MASS,,V0752 Tau,
110274,LZ    Cam,56.9373333,63.4736389,3.79582222,EW,19.5,20.61,20.2,V,51871.186,,0.326171,,,78059 78059,,,1954.013,,A2.0,EC,LZ    Cam,
780334,QZ    Tau *,56.9412917,24.63375,3.796086113,UV,13.2,21.2,,U,,,,,,05607 10031,,,1998.889,,2MASS,,QZ    Tau,
780341,V0341 Tau *,57.0237917,22.636,3.801586113,UV,12,21,,U,,,,,,07328 10031,,,1997.824,,2MASS,,V0341 Tau,
780345,V0345 Tau *,57.08575,23.5171389,3.805716667,UV,15,22,,U,,,,,,05606 10031,,,1997.824,,2MASS,,V0345 Tau,
780795,V0795 Tau *,57.1332917,24.0800278,3.808886113,UV,14.5,20.5,,U,,,,,,08796 10031,,0.263,2000,,Lit.,,V0795 Tau,
780757,V0757 Tau *,57.1358333,23.4416667,3.809055553,UV,18.5,21,,p,,,,,,08554 10031,,,,?,Lit.,,V0757 Tau,
780661,V0661 Tau *,57.146625,22.8951389,3.809775,UV,15.3,22,,U,,,,,,06894 06894,,,1997.824,?,2MASS,,V0661 Tau,
780463,V0463 Tau *,57.1889583,24.6240278,3.81259722,UV,14.8,20.5,,p,,,,,,05928 10031,,,1997.882,,2MASS,,V0463 Tau,
780356,V0356 Tau *,57.2959583,24.3476111,3.819730553,UV,13.1,20.2,,U,,,,,M3,10031 07328,,,2000.023,,2MASS,,V0356 Tau,
780669,V0669 Tau *,57.507,24.6135,3.8338,UV,13.5,22,,U,,,,,,07486 06894,,,1997.882,,2MASS,,V0669 Tau,
780763,V0763 Tau *,57.7423333,23.9285833,3.849488887,UV,14.4,20.5,,U,,,,,,08564 10031,,,1997.824,,2MASS,,V0763 Tau,
781212,V1212 Tau *,57.987375,25.4246111,3.865825,UGSU,15.3,21.5,,B,,,,,,77033 77033,,,1986.845,,GCVS,,V1212 Tau,
780390,V0390 Tau *,58.033125,25.4652222,3.868875,UV,16.5,22.5,,U,,,,,,05520 10031,,,1998.763,,2MASS,,V0390 Tau,
780397,V0397 Tau *,58.3520417,25.0353333,3.890136113,UV,16.6,21.6,,U,,,,,,03924 10031,,,1999.987,,2MASS,,V0397 Tau,
780804,V0804 Tau *,58.354,23.6308333,3.890266667,UV,15.3,21,,U,,,,,,08794 10031,,,1973.3,?,B1.0,,V0804 Tau,
780401,V0401 Tau *,58.6042917,24.7121389,3.90695278,UV,16,21.4,,U,,,,,,03924 10031,,,1999.902,,2MASS,,V0401 Tau,
630518,V0518 Per,65.4282917,32.9075278,4.361886113,XND+ELL,13.15,22.4,,V,,,,,,72140 72140,,,1993.55,,Lit.,,V0518 Per,
780894,V0894 Tau,66.0458333,22.9147222,4.403055553,UV,16.3,20.5,,p,,,,,,68260,,,,,,,V0894 Tau,
530047,WY    Men *,68.1405,-83.8986944,4.5427,RRC,19.6,20.1,,B,42402.871,,0.36218,45,,07982 07982,,,1983.409,,A2.0,,WY    Men,
780829,V0829 Tau,68.2175,26.5847222,4.547833333,UV,15,20.5,,p,,,,,,67324,,,,?,GCVS,,V0829 Tau,
780930,V0930 Tau,68.2457917,26.2443889,4.549719447,UV,15.5,21,,p,,,,,,68262 2MASS,,,1997.914,,2MASS,,V0930 Tau,
700029,TV    Ret,68.9195,-59.25675,4.594633333,UG,16.61,20.77,,B,,,,,,72082 72082,,,,,A2.0,,TV    Ret,
700033,TZ    Ret,69.2587917,-59.0646667,4.61725278,RRAB,18.31,20.01,,B,,,,,,73278 73278,,,1983.04,,A2.0,,TZ    Ret,
530048,WZ    Men *,72.2965417,-83.7508611,4.819769447,RRAB,19.3,20.2,,B,42402.885,,0.51386,26,,07982 07982,,,1983.409,,A2.0,,WZ    Men,
530049,XX    Men *,72.6470417,-84.1976944,4.843136113,RRAB,19.3,20.3,,B,42403.121,,0.52855,23,,07982 07982,,,1983.409,,A2.0,,XX    Men,
360225,HY    Eri,75.4400417,-3.9936111,5.029336113,XM+EA,17.4,22.7,,V,,,,,,76040 76005,,,1955.954,,A2.0,,HY    Eri,
650034,UU    Pic,78.6065,-52.89775,5.240433333,NL,19.5,20.5,,p,,,,,,73015 73015,,,1976.825,,A2.0,,UU    Pic,
601092,V1092 Ori,82.6525,-4.6273611,5.510166667,UVN,15.4,20.4,,p,,,,,,67146 67146,,,1955.957,,A2.0,,V1092 Ori,
601065,V1065 Ori *,83.0269167,-4.5794722,5.53512778,UVN,15.6,21,,p,,,,,,08778 08778,,,,,GCVS,,V1065 Ori,
601100,V1100 Ori,83.0498333,-4.7211111,5.536655553,UVN,16.2,21,,p,,,,,,67146 67146,,,1955.88,,A2.0,,V1100 Ori,
601112,V1112 Ori,83.3906667,-6.4316944,5.55937778,UVN,16.4,21,,p,,,,,,67145 67145,,,1955.88,,A2.0,,V1112 Ori,
600977,V0977 Ori *,83.5152083,-4.9558889,5.567680553,UVN,15.7,21,,p,,,,,,09482 09482,,,1998.213,,2MASS,,V0977 Ori,
600979,V0979 Ori *,83.6574167,-4.3244722,5.577161113,UVN,15.8,20.5,,p,,,,,,09482 09482,,,1955.88,,A2.0,,V0979 Ori,
600777,V0777 Ori *,83.72875,-4.4568056,5.581916667,UVN,15.8,20.2,,U,,,,,,05573 05573,,,1955.88,,A2.0,,V0777 Ori,
600985,V0985 Ori *,83.87225,-7.1710556,5.591483333,UVN,16.9,22,,p,,,,,,09482 09482,,,,,GCVS,,V0985 Ori,
601125,V1125 Ori,83.951625,-6.2933611,5.596775,UVN,11.9,20.2,,U,,,,,,67150 USNO,,,1955.88,,A2.0,,V1125 Ori,
601131,V1131 Ori,84.079875,-5.0105278,5.605325,UVN,14.1,21,,U,,,,,,67150 USNO,,,1955.88,,A2.0,,V1131 Ori,
601200,V1200 Ori,84.2395,-7.0365556,5.615966667,UV,14.8,21.5,,B,,,,,,70086 70086,,,1986.92,,GCVS,,V1200 Ori,
601246,V1246 Ori,84.312,-6.3277222,5.6208,UVN,16.5,21,,p,,,,,,71047 71045,,,1998.221,,2MASS,,V1246 Ori,
601141,V1141 Ori,84.4120417,-6.8814444,5.627469447,UVN,16.5,21,,p,,,,,,67145 67145,,,1998.246,,2MASS,,V1141 Ori,
601186,V1186 Ori,84.5389583,-6.6959167,5.635930553,UVN,15.9,20.1,,p,,,,,,68178 68178,,,1955.88,,A2.0,,V1186 Ori,
601081,V1081 Ori *,84.6252083,-6.215,5.641680553,UVN,16,20.4,,p,,,,,,08778 08778,,,1955.88,,A2.0,,V1081 Ori,
600897,V0897 Ori *,85.0256667,-6.4722778,5.66837778,UVN,15,21,,U,,,,,,05573 05573,,,1998.246,,2MASS,,V0897 Ori,
601052,V1052 Ori *,85.52125,-5.1855833,5.701416667,UV,14,21,,U,,,,,,08425 USNO,,,1955.88,,A2.0,,V1052 Ori,
380213,HM    Gem,90.78675,25.2467778,6.05245,UG,16.5,20.5,,p,,,,,,04341 04341,,,1954.895,,A2.0,,HM    Gem,
602828,V2828 Ori,94.9997083,19.4496667,6.333313887,NL,14.5,20.5,,B,,,,,,81096 USNO,,0.000  0.000,1996.123,,G23,,V2828 Ori,
550616,V0616 Mon *,95.6855833,-0.3455556,6.379038887,XND+ELL,11.26,20.2,,B,,,,,pec(cont-e)+K5-7V,08693 09457,,,1955.883,,A2.0,,V0616 Mon,
80805,V0805 Aur,96.76575,39.8803333,6.45105,UGSU,12.2,20.5,,V,,,,,,81097 USNO,,0.000  0.000,1986.905,,G23,,V0805 Aur,
550666,V0666 Mon,99.9292083,9.17425,6.66194722,UV,15.8,20.3,,p,,,,,,68294 68294,,,1951.916,?,A2.0,,V0666 Mon,
550580,V0580 Mon *,100.217125,9.4871944,6.681141667,IN,18,21,,p,,,,,,06587 06587,,,1989.85,,GSC2.2,,V0580 Mon,
380446,V0446 Gem,101.8295833,33.5734722,6.788638887,UG,18.1,20.7,,*,,,,,pec(UG),81107,,0.000  0.000,2008.115,,Lit.,,V0446 Gem,
140108,CG    CMa *,106.022,-23.7595,7.068133333,UGSU,13.7,22,,V,,,,,pec(UG),N0362 N0363,,,1999,,Lit.,UGSU,CG    CMa,
80808,V0808 Aur *,107.858375,44.0681111,7.190558333,AM+EA,14.8,21.4,,V,,,,,wd+dM,81115 USNO,,,1998.295,,2MASS,,V0808 Aur,
80813,V0813 Aur,109.9538333,40.8921667,7.330255553,UG,16.7,21.5,,*,,,,,,81118 81118,,0.000  0.000,2003.839,,SDSS,,V0813 Aur,
550686,V0686 Mon,111.428,-3.1060833,7.428533333,M,11.5,21,,p,,,,,,69197 69198,,,1986.197,,GSC2.2,,V0686 Mon,
680661,V0661 Pup *,111.6371667,-47.6883889,7.44247778,EA,20.2,21,20.7,V,48668.7426,,0.8882,,,80277 80277,,,1980.028,,Lit.,,V0661 Pup,
680662,V0662 Pup *,111.7107083,-47.7574167,7.447380553,EW,20.1,20.5,20.5,V,48656.7105,,0.2386,,,80277 80277,,,1980.143,,A2.0,,V0662 Pup,
80496,V0496 Aur,111.9675,40.7820833,7.4645,UG,15.7,21,,R,,,,,pec(UG),75039 79229,,,,,Lit.,UG,V0496 Aur,
80654,V0654 Aur,112.294625,36.9773889,7.486308333,XM,19.5,20.7,,V,,,0.104,,,80278 USNO,,,1985.8,,B1.0,AM,V0654 Aur,
870038,UY    Vol,117.1404167,-67.7520833,7.809361113,XBN+E,16.9,23,,V,,,,,,68301 68300,,,1996.139,,GSC2.2,,UY    Vol,
120126,CZ    Cnc,126.3426667,20.3663333,8.422844447,UV,13.5,23,,p,,,,,M,08354 N0337,,,1998.023,,2MASS,UV,CZ    Cnc,
850221,HU    Vel *,128.8361667,-45.1765278,8.58907778,PSR,23.2,25.2,,B,,,,,,10135 08276,,,1986.39,,Lit.,,HU    Vel,
850385,V0385 Vel,128.9194167,-40.6434444,8.59462778,IN,19.78,20.22,,V,,,,,,77072 77072,,,1999.157,,2MASS,,V0385 Vel,
850386,V0386 Vel,128.937875,-40.6223889,8.595858333,IN,19.66,20.07,,V,,,,,,77072 77072,,,1999.157,,2MASS,,V0386 Vel,
850387,V0387 Vel,128.9489167,-40.6789167,8.596594447,IN,18.92,20.4,,V,,,,,,77072 77072,,,1999.157,,2MASS,,V0387 Vel,
120155,EL    Cnc *,129.0458333,20.0261111,8.603055553,UV,17.9,21,,p,,,,,,70013,,,,,,UV,EL    Cnc,
120107,CF    Cnc *,129.6416667,19.2588889,8.64277778,UV,14.4,20.6,,U,,,,,,70013,,,,,,UV,CF    Cnc,
120079,AZ    Cnc *,130.1237083,18.4023889,8.674913887,UV,14.1,20.5,,U,,,,,M6.5Ve,03924 2MASS,,-1.267,2000,,2MASS+pm,UV,AZ    Cnc,
120080,BB    Cnc *,130.1583333,19.4963889,8.67722222,UV,15.7,21.8,,U,,,,,M,5520,,,,,,UV,BB    Cnc,
850252,KS    Vel,130.1890833,-54.6316111,8.67927222,UV,18,22,,U,,,,,,68271 68271,,,1998.908,,2MASS,,KS    Vel,
120081,BC    Cnc *,130.2791667,19.0286111,8.68527778,UV,16.8,20.9,,U,,,,,M,5520,,,,,,UV,BC    Cnc,
120083,BE    Cnc *,130.3416667,20.2116667,8.689444447,UV,16.6,21.6,,U,,,,,,3924,,,,,,UV,BE    Cnc,
120116,CP    Cnc *,130.8416667,19.2011111,8.72277778,UV,16.4,20.1,,p,,,,,,70013,,,,,,UV,CP    Cnc,
120164,EU    Cnc *,132.8631667,11.7826111,8.857544447,XM,20.4,21,,V,,,0.0871,,pec(e),71080 79229,,,,,GCVS,AM,EU    Cnc,
830319,PU    UMa *,135.266375,48.1532778,9.017758333,UG+EA,16.2,21.2,,*,53773.4875,,0.0778805,10,pec(UG),80030 80027,,,1954.18,,A2.0,,PU    UMa,
420406,V0406 Hya,136.478125,-5.6023056,9.098541667,NL,16.5,20.3,,V,,,,,,78123 USNO,,,1977.4,,B1.0,,V0406 Hya,
120286,MX    Cnc,138.8954583,8.23225,9.25969722,UG,17.7,23,,r,,,,,pec(UG),81130 81130,,0.000  0.000,2008.053,,Lit.,,MX    Cnc,
120071,AR    Cnc *,140.5315417,31.0540833,9.368769447,UG+E,15.3,21.3,,V,,,0.2146,,pec(UG)+M4-5.5,N0325 72085,,,1955.229,,A2.0,UG+E,AR    Cnc,
460221,HU    Leo,141.1852917,8.0308333,9.41235278,EA+AM,18.2,21.5,,V,54856.71933,,0.0911411,8,pec(e),80237 USNO,,,2000.143,,2MASS,,HU    Leo,
470053,YZ    LMi *,141.6614167,36.4006667,9.444094447,EA,19.2,20.2,19.3,g',53473.72539,,0.01966,2,pec(e),80320 USNO,,,1998.305,,GSC2.3,,YZ    LMi,
20100,BW    Ant *,142.334125,-31.3842222,9.488941667,XP,18.63,22.89,,V,,,,,,80321 80321,,,2002.336,,Lit.,X,BW    Ant,
850509,V0509 Vel *,154.4702083,-46.5686111,10.29801389,EW,19.85,20.54,20.33,V,,,0.276216,,,80329 80329,,,1999.24,,2MASS,,V0509 Vel,
850511,V0511 Vel *,154.6335417,-46.62575,10.30890278,EW,19.61,20.03,20,V,,,0.33248,,,80329 80329,,,1980.127,,A2.0,,V0511 Vel,
460228,IK    Leo *,155.4435417,23.8243611,10.36290278,UGSU,13.9,21,,V,,,,,pec(UG),80331 80331,,,1990.012,,GSC2.3,,IK    Leo,
170365,V0365 Car *,165.8165833,-58.4576389,11.05443889,NB,10.1,21.6,,B,32820,1948,,,pec(e),72118 72118,,,,,Lit.,N,V0365 Car,
830067,AN    UMa *,166.106875,45.0538333,11.07379167,E+XRM,14.9,20.2,,B,42891.397,,0.0797522,,pec(e+cont),09871 09472,,-0.062,2000,,NPM,,AN    UMa,
830106,CE    UMa *,169.0458333,29.3605556,11.26972222,UG,15.5,21,,p,,,,,,5940,,,,,,,CE    UMa,
560203,GU    Mus,171.612,-68.6756944,11.4408,XND+ELL,13.65,20.9,,B,,,,,,71102 71104,,,1991,,Lit.,,GU    Mus,
250215,HO    Com *,184.8791667,25.2225,12.32527778,UV,16.2,21,,p,,,,,,8397,,,,,,,HO    Com,
250219,HS    Com *,186.6,25.89,12.44,UV,15.5,21,,p,,,,,,8397,,,,,,,HS    Com,
250179,FP    Com *,186.8299583,27.6000833,12.45533055,UV,15.5,21,,p,,,,,,05378 2MASS,,-0.133,2000,,2MASS+pm,,FP    Com,
130198,GP    CVn *,186.9195833,51.6570556,12.46130555,UGSU+EA,14.5,21.4,,*,,,,,DA+M,81153 81153,,0.000  0.000,1953.29,,A20,,GP    CVn,
250183,FT    Com,187.6958333,29.3741667,12.51305555,RR,19.5,20.2,,p,,,,,,5378,,,,,,,FT    Com,
250184,FU    Com,187.7145417,27.1194167,12.51430278,UG,19.5,21,,p,,,,,,05378 USNO,,,1950.276,,A2.0,,FU    Com,
250192,GI    Com,188.402125,28.1114722,12.56014167,UV,14.1,20.5,,p,,,,,,06337 06337,,,1950.276,,A2.0,,GI    Com,
250186,FW    Com,190.8125,28.2930556,12.72083333,RR,19,20.2,,p,,,,,,5378,,,,,,,FW    Com,
250187,FX    Com,191.1125,29.66,12.74083333,RR,19.7,20.5,,p,,,,,,5378,,,,,,,FX    Com,
250188,FY    Com,192.3166667,27.4227778,12.82111111,UG,19.5,21,,p,,,,,,5378,,,,?,Lit.,,FY    Com,
340309,OV    Dra *,192.599375,66.92375,12.83995833,EA,19,20.7,,*,53407.55966,,0.0587357,6,pec(e),80030 USNO,,-0.026  0.001,2000,,SDSS,,OV    Dra,
191258,V1258 Cen *,195.1210417,-30.8825278,13.00806945,EA+UG,15.4,22.2,,V,50567.55919,,0.08885,11,pec(UG),80374 80374,,,1999.24,,2MASS,EA+UG,V1258 Cen,
830165,EV    UMa,196.9744167,53.8584444,13.13162778,AM,17,21,,V,,,,,,72171 72218,,,1999.193,,2MASS,,EV    UMa,
190812,V0812 Cen,198.4759583,-57.6794167,13.23173055,NB,11,20.4,,V,41796,1973,,,pec(Nova),08231 08231,,,1993.347,,GCVS,N,V0812 Cen,
860324,PZ    Vir,201.0482083,3.3473611,13.40321389,AM,20.5,21.8,,r,,,,,,78168 78043,,,2002.2,,Lit.,,PZ    Vir,
190009,Z     Cen *,204.989,-31.6350833,13.66593333,SNI,8,20.5,,p,13383,1895,,,pec(SN),02249 N0486,,,1895,,Lit.,SNI,Z     Cen,
190890,V0890 Cen,207.3832083,-47.9112778,13.82554722,NL,19,21.5,,p,,,,,pec(e),73015 73015,,,1983.2,,B1.0,CV,V0890 Cen,
190868,V0868 Cen,207.5441667,-63.1477778,13.83627778,NA,10.24,22.5,,V,48376,1991,,,pec(Nova),N0515 N0516,,,,,Lit.,N,V0868 Cen,
190891,V0891 Cen,207.6215833,-48.0466944,13.84143889,NL,19,21,,p,,,,,pec(e),73015 73015,,,1979.283,,A2.0,CV,V0891 Cen,
860508,V0508 Vir,208.4271667,-0.2858611,13.89514445,RRAB,19.3,20.3,,V,51579.9155,,0.550159,,,80159 USNO,,,1952.08,,A2.0,,V0508 Vir,
830427,V0427 UMa,209.1767083,61.50675,13.94511389,UG,15.5,20.3,,CV,,,,,,81155 USNO,,0.000  0.000,1996.149,,G23,,V0427 UMa,
830019,SS    UMa,210.51125,54.4658333,14.03408333,SN,13.5,20.8,,B,18359,1909,,,,V 436 V 436,#NAME?,,1909.143,,Lit.,,SS    UMa,
860193,GK    Vir *,213.9022083,1.28825,14.26014722,EA/WD,17.01,23,,V,42543.8371,,0.344330809,1,,08278 08278,,,1955.374,,A2.0,,GK    Vir,
860548,V0548 Vir,215.027,-1.0178056,14.33513333,RRAB,19.2,20.2,,V,51338.6598,,0.545176,15,,80159 USNO,,,1955.39,,A2.0,,V0548 Vir,
230127,DD    Cir,215.8477083,-69.1459167,14.38984722,NA,7.5,21,,V,,,,,,75292 75293,,,,,Lit.,,DD    Cir,
860558,V0558 Vir,216.756625,-1.3861944,14.45044167,AM,15.1,20.4,,R,,,,,pec(e),80400 SDSS,,-0.026  0.025,2000,,SDSS,,V0558 Vir,
490362,V0362 Lib,220.9245833,-17.9304167,14.72830555,UGSU,13.6,20.1,,CV,,,,,,81181 USNO,,0.000  0.000,1994.186,,G23,,V0362 Lib,
90039,UZ    Boo,221.0051667,22.0151667,14.73367778,UG,11,20.4,,V,,,-2191,,,N0054 72085,,,1992.193,,GSC2.3,UGWZ,UZ    Boo,
860595,V0595 Vir,221.4591667,-2.2304444,14.76394445,RRAB,18.6,20.1,,V,51236.8331,,0.50238,15,,80159 USNO,,,1957.323,,A2.0,,V0595 Vir,
490283,MU    Lib,224.1577083,-0.9397222,14.94384722,RRAB,18.7,20.1,,V,51618.7483,,0.568229,13,,80159 USNO,,,1957.323,,A2.0,,MU    Lib,
490308,OU    Lib,227.53725,-0.9748056,15.16915,RRAB,18.7,20.1,,V,51612.8382,,0.480064,11,,80159 USNO,,,1955.3,,A2.0,,OU    Lib,
760417,V0417 Ser,228.532,-1.4353611,15.23546667,RRAB,19.1,20.3,,V,51621.8781,,0.545916,,,80159 USNO,,,1955.3,,A2.0,,V0417 Ser,
90314,PP    Boo,228.558625,45.8202778,15.23724167,NL,20.2,20.5,,g,,,,,pec(e),80030 79229,,,1953.203,,A2.0,CV,PP    Boo,
810258,KY    TrA *,232.0704583,-61.8827222,15.47136389,XND,17.5,20.5,,B,,,,,,08544 08544,,,1975.435,,GCVS,,KY    TrA,
760452,V0452 Ser,233.6631667,-0.4375833,15.57754445,RRAB,18.9,20.2,,V,51257.8988,,0.636913,,,80159 USNO,,,1950.462,,A2.0,,V0452 Ser,
760453,V0453 Ser,233.7195417,-1.6713333,15.58130278,RRAB,19.2,20.1,,V,51612.8728,,0.540028,11,,80159 USNO,,,1950.462,,A2.0,,V0453 Ser,
570381,V0381 Nor,237.7445,-56.4765278,15.84963333,XND,15.6,21.4,,V,,,,,,76132 76133,,,1998.76,,GCVS,,V0381 Nor,
760481,V0481 Ser,237.8210417,-1.61825,15.85473611,RRAB,18.9,20.1,,V,51999.9187,,0.496769,13,,80159 G2.3,,,1992.426,,GSC2.3,,V0481 Ser,
760489,V0489 Ser,238.8833333,-0.1819722,15.92555555,EA,19.2,21,,*,53873.59434,,0.078847,12,pec(e),80064 80027,,,1992.424,,GSC2.3,,V0489 Ser,
270097,BT    CrB,239.2372917,35.3935,15.94915278,EA,18.9,20.4,,V,53193.859,,0.0892,,pec(e),80405 USNO,,,1994.368,,GSC2.3,,BT    CrB,
490182,FS    Lib *,240.0989167,-12.3493056,16.00659445,M,15.1,20.2,,p,36685,,415,,M8.1-M9.0,03519 GSC,,,1983.061,,GSC,,FS    Lib,
270036,UW    CrB,241.441125,25.8627222,16.096075,X+E,18.87,20.1,,R,,,,,,71136 71137,,,1950.369,,A2.0,,UW    CrB,
570332,QX    Nor *,243.1793333,-52.4232222,16.21195555,XND,18.2,23,,I,,,,,,04119 08521,,,1979.234,,GCVS,,QX    Nor,
840015,RW    UMi,251.9784167,77.03675,16.79856111,NA,6,21,,p,35741,1956,,,pec(Nova),04204 04205,,,1996.533,,GSC2.2,,RW    UMi,
731312,V1312 Sco,253.7894167,-38.6345833,16.91929445,NA,10.5,21,,V,55715,2011,,,pec(Nova),80428,,,,,,,V1312 Sco,
591134,V1134 Oph,254.2756667,-20.2968056,16.95171111,M,16.5,20.3,,p,36740,,252,,,05455 USNO,,,1980.934,,A2.0,,V1134 Oph,
592862,V2862 Oph *,254.7569167,-15.258,16.98379445,XND,16.1,21,,R,,,,,,81184,,0.000  0.000,2011.4,,GCVS,,V2862 Oph,
591181,V1181 Oph,254.87175,-18.6845833,16.99145,M,15.1,20.2,,p,36700,,,,,05455 USNO,,,1980.934,,A2.0,,V1181 Oph,
591175,V1175 Oph,254.8745,-21.7910833,16.99163333,E/SD,18.8,20.3,,p,35635.916,,0.986       /N,,,05455 USNO,,,1980.934,,A2.0,,V1175 Oph,
591194,V1194 Oph,255.088,-21.8561667,17.00586667,E/SD,17.6,20.3,,p,36760.792,,8.           /N,,,05455 USNO,,,1980.934,,A2.0,,V1194 Oph,
591195,V1195 Oph *,255.0902917,-20.8926389,17.00601945,NR,16.3,20.1,,p,36888,1959,-1051,,,05455 10203,,,1976.478,,GCVS,,V1195 Oph,
591235,V1235 Oph *,255.4583333,-20.3501389,17.03055555,N,17,20.8,,p,36810,1959,,,,05455 GSC22,,,1996.544,,GSC2.2,,V1235 Oph,
592134,V2134 Oph,255.5272083,-29.9455556,17.03514722,XBND,18.3,23,,V,,,,,,67093 67115,,,1999.334,,GCVS,,V2134 Oph,
60821,V0821 Ara *,255.7058333,-48.78975,17.04705555,XF,15.4,20.4,,V,,,,,pec(e),N0023 N0022,,,1979.93,,A2.0,Xlm,V0821 Ara,
591272,V1272 Oph,255.7589583,-22.4878611,17.05059722,M,15.7,20.8,,p,35600,,270,,,05455 USNO,,,1980.896,,A2.0,,V1272 Oph,
591302,V1302 Oph,256.12525,-22.1695833,17.07501667,SRA,19.1,20.2,,p,,,,,,05455 GSC22,,,1996.544,,GSC2.2,,V1302 Oph,
591326,V1326 Oph,256.2595417,-18.9916667,17.08396945,UG,17.9,20.2,,p,,,-20,,,05455 GSC22,,,1996.544,,GSC2.2,,V1326 Oph,
731103,V1103 Sco,256.4556667,-36.4341944,17.09704445,EW,19.7,20.45,,V,,,,,,75241 75241,,,1996.5,,Lit.,,V1103 Sco,
591353,V1353 Oph,256.5023333,-21.9613889,17.10015555,M,17.4,20.4,,p,35600,,,,Me,05455 GSC,,,1987.578,,GSC,,V1353 Oph,
592107,V2107 Oph,257.06,-25.0925278,17.13733333,XND,16.5,21,,B,,,,,pec(cont-e),09551 09551,,,1974.602,,GCVS,,V2107 Oph,
591453,V1453 Oph,257.2198333,-19.0191111,17.14798889,E/SD,17.4,20.4,,p,35632.903,,4.17502,,,05455 USNO,,,1954.405,,A2.0,,V1453 Oph,
591454,V1454 Oph,257.24725,-21.6913889,17.14981667,M,17.4,20.3,,p,35690,,,,,05455 USNO,,,1980.896,,A2.0,,V1454 Oph,
592715,V2715 Oph *,257.3764167,-26.6555556,17.15842778,XB,20.5,22.24,,R,,,,,,80460 80460,,,1997.326,,GCVS,,V2715 Oph,
400754,V0754 Her,257.5087917,43.9651111,17.16725278,IA,18.2,20.8,,B,,,,,,08474 08474,,,1954.517,,A2.0,,V0754 Her,
401247,V1247 Her,257.937875,30.22225,17.19585833,NL,21.44,21.67,,*,,,0.05579861,,,80030 80027,,,1950.462,,A2.0,,V1247 Her,
592214,V2214 Oph,258.0070417,-29.6259722,17.20046945,NB,9.4,21,,V,,,,,,69207,,,1988.287,,Lit.,,V2214 Oph,
400755,V0755 Her,258.0115833,44.2269444,17.20077222,IA,19.4,20.3,,B,,,,,,08474 08474,,,1954.517,,A2.0,,V0755 Her,
400756,V0756 Her,258.0305833,42.8291667,17.20203889,IA,19.4,20.6,,B,,,,,,08474 08474,,,1954.517,,A2.0,,V0756 Her,
592138,V2138 Oph,258.1634583,-29.2689167,17.21089722,M,16,20.8,,B,,,,,,67120 67120,,,1997.321,,GSC2.2,,V2138 Oph,
592144,V2144 Oph,258.2290417,-29.2157778,17.21526945,M,17.3,20.2,,B,,,,,,67120 67120,,,1997.321,,GSC2.2,,V2144 Oph,
592147,V2147 Oph,258.3109167,-29.7355278,17.22072778,M,17.6,20.9,,B,,,,,,67120 67120,,,1997.321,,GSC2.2,,V2147 Oph,
592153,V2153 Oph,258.437875,-29.1523611,17.22919167,M,17.3,20.4,,B,,,,,,67120 67120,,,1997.321,,GSC2.2,,V2153 Oph,
591648,V1648 Oph,258.48625,-20.9183333,17.23241667,E,18.6,20.4,,p,35960.916,,,,,05455 USNO,,,1954.585,,A2.0,,V1648 Oph,
592158,V2158 Oph,258.492,-29.7904722,17.2328,RRAB,18.4,20.3,,B,,,,,,67120 67120,,,1987.697,?,GSC2.2,,V2158 Oph,
400758,V0758 Her,258.5580833,44.1236944,17.23720555,IA,18.9,20.1,,B,,,,,,08474 08474,,,1954.517,,A2.0,,V0758 Her,
592160,V2160 Oph,258.5801667,-29.3284167,17.23867778,M,17.2,20.3,,B,,,,,,67120 67120,,,1997.321,,GSC2.2,,V2160 Oph,
592172,V2172 Oph,258.684125,-29.0455,17.24560833,M,18.8,21.5,,B,,,,,,67120 67120,,,1997.321,,GSC2.2,,V2172 Oph,
592180,V2180 Oph,258.7900417,-29.4596944,17.25266945,M,16.4,21.1,,B,,,,,,67120 67120,,,1997.321,,GSC2.2,,V2180 Oph,
591691,V1691 Oph,258.8090417,-21.8702222,17.25393611,SRB,18.6,20.4,,p,,,,,,05455 USNO,,,1980.896,,A2.0,,V1691 Oph,
590517,V0517 Oph *,258.8322083,-29.0936944,17.25548055,LB,12.6,20.3,,B,,,,,C(R0),00262 00262,,,1997.321,,GSC2.2,,V0517 Oph,
592183,V2183 Oph,258.835625,-29.4889722,17.25570833,M,16,21.4,,B,,,,,,67120 67120,,,1997.321,,GSC2.2,,V2183 Oph,
591701,V1701 Oph,258.8551667,-20.6845,17.25701111,M,15.3,20.2,,p,36670,,298,,M5-M9.5,05455 USNO,,,1980.896,,A2.0,,V1701 Oph,
592185,V2185 Oph,258.8774583,-29.5128056,17.25849722,M,17.2,20.6,,B,,,,,,67120 67120,,,1992.552,,GCVS,,V2185 Oph,
592186,V2186 Oph,258.9187917,-29.2493889,17.26125278,M,18,20.8,,B,,,,,,67120 67120,,,1997.321,,GSC2.2,,V2186 Oph,
592189,V2189 Oph,258.951125,-28.9597222,17.26340833,RRAB,18.4,20.1,,B,,,,,,67120 67120,,,1997.321,,GSC2.2,,V2189 Oph,
592194,V2194 Oph,259.0195417,-29.6735833,17.26796945,RRAB,19.2,20.8,,B,,,,,,67120 67120,,,1997.321,,GSC2.2,,V2194 Oph,
592195,V2195 Oph,259.0374583,-29.2355,17.26916389,RRAB,17.9,20.4,,B,,,,,,67120 67120,,,1997.321,,GSC2.2,,V2195 Oph,
591734,V1734 Oph,259.0789583,-17.3935556,17.27193055,M,13.6,20.3,,p,35620,,260.1,,M3-M8,00001 00551,,,1954.585,,A2.0,,V1734 Oph,
592200,V2200 Oph,259.12675,-29.7653333,17.27511667,RRAB,18.2,20.1,,B,,,,,,67120 67120,,,1986.342,,GCVS,,V2200 Oph,
591743,V1743 Oph,259.1269167,-17.3924444,17.27512778,SR,18.4,20.4,,p,35960,,,,M2,05455 GSC22,,,1988.536,,GSC2.2,,V1743 Oph,
591744,V1744 Oph *,259.1620833,-20.8313611,17.27747222,M,17.3,20.1,,p,35960,,244.5,,,05455 USNO,,,1954.585,,A2.0,,V1744 Oph,
400760,V0760 Her,259.33875,42.4078611,17.28925,IA,19.2,20.1,,B,,,,,,08474 08474,,,1954.517,,A2.0,,V0760 Her,
591788,V1788 Oph,259.3930417,-16.7371389,17.29286945,M,15.8,20.5,,p,36700,,306,,,05455 GSC22,,,1988.536,,GSC2.2,,V1788 Oph,
400763,V0763 Her,259.645625,42.1905,17.30970833,IA,19,20.6,,B,,,,,,08474 08474,,,1953.452,,A2.0,,V0763 Her,
400762,V0762 Her,259.6472083,41.6997222,17.30981389,IA,19.5,20.5,,B,,,,,,08474 08474,,,1953.452,,A2.0,,V0762 Her,
591848,V1848 Oph,259.7985833,-19.6297778,17.31990555,M,17.5,20.1,,p,35960,,,,M7,05455 09473,,,1980.896,,A2.0,,V1848 Oph,
592293,V2293 Oph,259.903875,-25.0176111,17.326925,XND,17.1,21.5,,B,,,,,,72120,,,1993.756,,Lit.,,V2293 Oph,
400764,V0764 Her,260.0201667,41.7955278,17.33467778,IA,18.7,20.1,,B,,,,,,08474 08474,,,1953.452,,A2.0,,V0764 Her,
591889,V1889 Oph *,260.0564583,-21.5103333,17.33709722,M,17.8,20.4,,p,35674,,196,,,05455 USNO,,,1980.896,,A2.0,,V1889 Oph,
592264,V2264 Oph,260.08725,-26.7739722,17.33915,NA,9.8,21,,V,,,,,,71148 71149,,,1991.29,,Lit.,,V2264 Oph,
400765,V0765 Her,260.1549167,44.3564167,17.34366111,IA,19.5,20.3,,B,,,,,,08474 08474,,,1953.452,,A2.0,,V0765 Her,
400766,V0766 Her,260.425625,42.7424722,17.36170833,IA,19.3,20.4,,B,,,,,,08474 08474,,,1953.452,,A2.0,,V0766 Her,
591958,V1958 Oph,260.5013333,-21.1233333,17.36675555,M,17.3,20.2,,p,,,,,,05455 USNO,,,1954.585,,A2.0,,V1958 Oph,
30142,DT    Aps,260.698875,-75.1656111,17.379925,UG,14.4,20.6,,p,,,,,,06960 72085,,,1980.411,,A2.0,UG,DT    Aps,
592001,V2001 Oph,260.7704583,-20.5028611,17.38469722,M,16.9,20.2,,p,36740,,,,,05455 USNO,,,1980.86,,A2.0,,V2001 Oph,
592007,V2007 Oph,260.849125,-22.22525,17.38994167,M,16,20.3,,p,35642,,310,,,05455 USNO,,,1980.86,,A2.0,,V2007 Oph,
592295,V2295 Oph,261.27675,-23.1863333,17.41845,NA,9,21,,V,,,,,,72122,,,1993.294,,Lit.,,V2295 Oph,
592676,V2676 Oph,261.52925,-25.8618333,17.43528333,NA,11.8,21,,V,56094,2012,,,pec(Nova),80642 80643,,,2012.239,,Lit..,,V2676 Oph,
592949,V2949 Oph,263.6989167,-24.1511111,17.57992778,N,11.9,21,,V,57308,2015,,,pec(Nova),81316 81317,,,,,,,V2949 Oph,
592677,V2677 Oph,264.9875,-24.7853333,17.66583333,NA,11.18,21,,V,56069,2012,,,pec(Nova),80644 80645,,,2012.39,,Lit..,,V2677 Oph,
591012,V1012 Oph,265.3939167,-23.3925278,17.69292778,N,14,21,,B,37410,1961,,,pec(Nova),04210 04210,,,1961.315,,Lit.,,V1012 Oph,
592290,V2290 Oph,265.7733333,-20.1153611,17.71822222,NA,9.3,22,,V,,,,,,71156,,,1991.855,,Lit.,,V2290 Oph,
592110,V2110 Oph,265.8890417,-22.7599722,17.72593611,NC,12,22,,V,,1940,,,pec(Nova)+M8,09554 09554,,,1980.885,,A2.0,,V2110 Oph,
730723,V0723 Sco *,267.5220833,-35.3994444,17.83480555,NA,9,22.2,,B,34236,1952,,,,03522 03522,,,1952.6,,Lit.,,V0723 Sco,
725678,V5678 Sgr,268.062875,-22.3423333,17.87085833,XND,16.29,24.4,,i',55139,2009,,,ea,81206 81207,,,2009.84,,lit.,,V5678 Sgr,
724334,V4334 Sgr,268.1362083,-17.6855556,17.87574722,*,10.9,21,,V,,,,,,73280 73280,,,1999.324,,2MASS,,V4334 Sgr,
724135,V4135 Sgr,269.93775,-32.2725556,17.99585,N,10.4,22,,V,,,,,,69240 69157,,,1987.515,,Lit.,,V4135 Sgr,
592301,V2301 Oph,270.1482083,8.1700833,18.00988055,E+AM,16,22,,V,,,,,,72127 72085,,,1950.522,,A2.0,,V2301 Oph,
721336,V1336 Sgr,270.5596667,-29.9476111,18.03731111,M,17.2,20.4,,p,31708,,258,,,01680 01680,,,1998.621,,2MASS,,V1336 Sgr,
592335,V2335 Oph,271.0719167,4.7289444,18.07146111,UG,15,21,,B,,,,,,73223 73223,,,1976.5,,Lit.,,V2335 Oph,
724444,V4444 Sgr,271.9008333,-27.337,18.12672222,NA,7.7,21,,V,,,,,,75225 75304,,,1999.407,,2MASS,,V4444 Sgr,
60258,KY    Ara *,272.0915,-54.9381389,18.13943333,UG,15.8,21,,B,28715,,,,,N0008 76005,,,,,Lit.,UG,N,KY    Ara
400631,V0631 Her,272.1833333,34.4594444,18.14555555,UG,16.2,21,,p,,,-32,,,04184 05443,,,,,Lit.,,V0631 Her,
724157,V4157 Sgr,272.395875,-25.8661667,18.159725,NA,7,21,,V,,,,,,71158 71159,,,1992.12,,Lit.,,V4157 Sgr,
725634,V5634 Sgr *,272.462875,-19.7310833,18.16419167,XP,20.8,21.36,,Ks,,,,,,80498 80499,,-0.019,2006.42,,Lit.,,V5634 Sgr,
724722,V4722 Sgr,272.6847917,-26.1502778,18.17898611,XB,21.5,22.5,,B,,,,,,76171 76171,,,1998.196,,GCVS,,V4722 Sgr,
725511,V5511 Sgr,273.4126667,-33.7728611,18.22751111,XP,18.05,23.3,,R,,,,,,78233 78233,,,2003.47,,Lit.,,V5511 Sgr,
724160,V4160 Sgr,273.5580833,-32.2079167,18.23720555,NA,7,21,,V,,,,,,71162,,,1991.576,,Lit.,,V4160 Sgr,
401010,V1010 Her,273.559625,30.7269444,18.23730833,UG,17.8,21,,B,,,,,,75145 75299,,,1998.762,,Lit.,,V1010 Her,
720685,V0685 Sgr,273.6025,-35.1258611,18.24016667,M,14.4,20.9,,p,36662,,192.3,,,00001 06286,,,1996.683,,GSC2.2,,V0685 Sgr,
340144,DV    Dra,274.34625,50.8050278,18.28975,UG,15.3,21,,p,,,,,,68119 68119,,,1984.433,,GCVS,,DV    Dra,
723018,V3018 Sgr,274.86025,-34.526,18.32401667,M,14.6,20.6,,p,36810,,262,,Me,05869 GSC22,,,1996.645,,GSC2.2,,V3018 Sgr,
260573,V0573 CrA,275.891875,-37.1291667,18.39279167,M,13.8,20.5,,p,35960,,231.5,,,05869 03513,,,1987.375,,GSC,,V0573 CrA,
724171,V4171 Sgr,275.9225833,-22.9912222,18.39483889,NA,7.49,20.5,,V,,,,,,71168 71252,,,1992.783,,Lit.,,V4171 Sgr,
721875,V1875 Sgr,276.5685,-34.9132778,18.4379,M,13.6,20.5,,p,30903,,281,,,02447 02447,,,1998.582,,2MASS,,V1875 Sgr,
725584,V5584 Sgr,277.886625,-16.3188333,18.525775,NA,9.21,21,,V,55134,2009,2009,,pec(Nova),80225,,,2009.821,,Lit.,,V5584 Sgr,
750185,FV    Sct,278.7152083,-12.9241389,18.58101389,N,7,21,,p,37070,1960,,,pec(Nova),04228 04228,,,1996.615,,GSC2.2,,FV    Sct,
401449,V1449 Her,278.9845,22.4444444,18.59896667,UG,16.1,20.1,,*,,,,,pec(UG),81238 81238,,,1990.568,,G23,,V1449 Her,
723711,V3711 Sgr,279.8398333,-32.5988056,18.65598889,RRAB,17.4,20.2,,p,35632.884,,0.47197,17,,05869 GSC22,,,1996.688,,GSC2.2,,V3711 Sgr,
400356,V0356 Her,280.4971667,13.1317222,18.69981111,M,13.8,20.5,,p,30080,,300,,,00164 02367,,,1950.541,,A2.0,,V0356 Her,
400333,QY    Her,281.54025,12.6305556,18.76935,M,13.7,20.5,,p,30207,,244,,,00164 02368,,,1982.381,,GSC,,QY    Her,
400334,QZ    Her,282.906875,12.1552778,18.86045833,M,14.4,21,,p,33479,,303,,,00164 02368,,,1991.385,,GCVS,,QZ    Her,
724368,V4368 Sgr,283.668,-19.6999444,18.9112,NC,10,21,,V,,,,,,73291 73292,,,1998.418,,2MASS,,V4368 Sgr,
400585,V0585 Her,284.3487917,14.4998611,18.95658611,M,16,21,,p,,,,,,03776 03776,,,1990.628,,GCVS,,V0585 Her,
880406,V0406 Vul,284.6729583,22.6583889,18.97819722,XND,15.33,24,,V,,,,,,76193 76194,,,1999.784,,Lit.,,V0406 Vul,
51680,V1680 Aql,285.5603333,13.0508889,19.03735555,NA,9.7,21,,V,46266,1985,,,,78259 78259,,,1987.412,,GSC2.2,N,V1680 Aql,
340159,EP    Dra,286.7752083,69.1448889,19.11834722,E+XM,17.6,20.5,,V,,,,,,71180 71180,,,1954.574,,A2.0,,EP    Dra,
50841,V0841 Aql,286.9157917,10.4954722,19.12771945,NB,11.5,20.9,,p,33743,1951,,,pec(Nova),72118,,,,,Lit.,N,V0841 Aql,
51333,V1333 Aql *,287.817125,0.5850833,19.18780833,XND,14.82,21.6,,V,,,,,K6V-M0V+pec(e),N0289 N0289,,,1951.645,,A2.0,XN,V1333 Aql,
51419,V1419 Aql,288.2783333,1.5731389,19.21855555,NA,7.4,22,,V,49130,1993,,,pec(Nova),00001 79229,,,1993.95,,Lit.,N,V1419 Aql,
520767,V0767 Lyr,288.4903333,40.7524722,19.23268889,EW,19.47,20.1,20.04,*,55275.5533,,0.23632,,,81247 81247,,,1951.672,,A20,,V0767 Lyr,
51722,V1722 Aql,288.5404583,15.2762222,19.23603055,NA,9.96,21,,V,55183,2009,,,Pec(Nova),N0311,,,2009.95,,Lit.,N,V1722 Aql,
520774,V0774 Lyr,288.79925,40.8195833,19.25328333,EW,19.31,20.15,20.1,*,55275.6128,,0.2402,,,81247 81247,,,1951.672,,A20,,V0774 Lyr,
51378,V1378 Aql,289.1472917,3.7220278,19.27648611,N,10,21,,p,46037,1984,,,,72118 79229,,,,,Lit.,N,V1378 Aql,
50605,V0605 Aql *,289.5851667,1.7831944,19.30567778,*,10.4,22.5,,V,,,,,C(R0),N0267,,,,,Lit.,Nhf,V0605 Aql,
51405,V1405 Aql *,289.6996667,-5.2384722,19.31331111,E+XB,20.5,22.5,,B,46900.0128,,0.03504115,,,N0297 N0298,,,1982.56,,GCVS,E+X,V1405 Aql,
520374,V0374 Lyr,289.8125417,33.2462222,19.32083611,M,15.5,21,,p,33490,,425,,,03677 03677,,,1955.382,,A2.0,,V0374 Lyr,
520515,V0515 Lyr,290.1390417,37.8045278,19.34260278,EA,19.45,20.02,,V,,,,,,73191 73191,,,1988.523,,GCVS,,V0515 Lyr,
520516,V0516 Lyr,290.1487083,37.7478056,19.34324722,UG,18.9,22.2,,V,,,,,,73192 73193,,,1955.382,,A2.0,,V0516 Lyr,
520716,V0716 Lyr,290.3219167,37.7512778,19.35479445,EA/RS,19.76,20.78,,V,,,0.436533,,,80520 GSC23,,,1992.438,,GSC2.3,,V0716 Lyr,
51831,V1831 Aql,290.4588333,15.1568889,19.36392222,NA,14.7,22,,V,57295,2015,,,pec(Nova),81314 81315,,,,,,,V1831 Aql,
340245,KL    Dra,291.159125,59.6963056,19.41060833,UG,16.8,21,,B,,,,,,75138,,,1998.587,,Lit.,,KL    Dra,
790379,V0379 Tel *,292.1353333,-50.0262222,19.47568889,E+AM,17.3,21.05,,V,52879.2813,,0.0701623,,wd+M,80523 80374,,,2000.775,,2MASS,E+AM,V0379 Tel,
710047,WY    Sge *,293.18275,17.7485278,19.54551667,N+UG+EA,5.4,20.7,,B,72494,1783,,,pec(e+cont),01372 09708,,,1950.544,,A2.0,,WY    Sge,
311278,V1278 Cyg,295.7389167,34.7495833,19.71592778,M,14.8,21,,p,33175,,290,,,05353 05353,,,1992.644,,GCVS,,V1278 Cyg,
311279,V1279 Cyg,295.809125,29.554,19.72060833,M,16,21,,p,34630,,322,,M3-M8,05541 05541,,,1995.59,,GCVS,,V1279 Cyg,
311282,V1282 Cyg,295.9891667,40.3459722,19.73261111,M,15.9,21,,p,33160,,270,,,05353 05353,,,1991.683,,GCVS,,V1282 Cyg,
311441,V1441 Cyg,295.995,37.4273333,19.733,M,14.7,21,,p,32765,,320,,,06855 06855,,,1992.664,,GCVS,,V1441 Cyg,
880269,LU    Vul *,296.397375,28.5914167,19.759825,NA,9.2,21,,p,40057,1968,,,peq(Nova),05801 05801,,,1968.8,,Lit.,,LU    Vul,
311447,V1447 Cyg,296.583125,39.6057778,19.77220833,M,14.4,21,,p,32630,,330,,,06855 06855,,,1991.598,,GCVS,,V1447 Cyg,
710332,QX    Sge,299.9032083,20.8042222,19.99354722,E/PSR,20.4,23,,V,,,,,,69236 69236,,,1988.657,,Lit.,,QX    Sge,
880498,V0498 Vul *,299.9637083,22.7089722,19.99758055,UGSU,15.6,23,,*,,,,,,80233 80537,,,2005.629,,Lit.,,V0498 Vul,
311301,V1301 Cyg,300.5527917,37.6349167,20.03685278,M,16.5,21,,p,34100,,485,,M,07749 07749,,,1989.491,,GCVS,,V1301 Cyg,
160077,AX    Cap,302.2374583,-17.2775556,20.14916389,UGSU,16,21.5,,V,,,,,pec(UG),80233 76005,,,,,GCVS,UGSU,AX    Cap,
51098,V1098 Aql,302.704125,15.1290278,20.180275,M,15,20.5,,p,53597,,357.5,,,00001 04341,,,1998.726,,2MASS,M,V1098 Aql,
312659,V2659 Cyg,305.426375,31.0581944,20.36175833,NB,9.5,21,,V,56756,2014,,,pec(Nova),81199,,0.000  0.000,2014.25,,Lit.,,V2659 Cyg,
311777,V1777 Cyg,306.1617083,42.5689444,20.41078055,UV,15.5,21,,U,,,,,,67300 USNO,,,1953.452,,A2.0,,V1777 Cyg,
311752,V1752 Cyg,307.2804167,40.4366389,20.48536111,UV,15.5,21,,U,,,,,,08759 USNO,,,1953.452,?,A2.0,,V1752 Cyg,
311783,V1783 Cyg,307.9583333,39.8702778,20.53055555,UV,16.3,21,,U,,,,,,67300,,,,,,,V1783 Cyg,
311753,V1753 Cyg,307.9686667,43.1817222,20.53124445,UV,16.3,21,,U,,,,,,08759 USNO,,,1953.452,,A2.0,,V1753 Cyg,
311757,V1757 Cyg,309.0685417,40.7885833,20.60456945,UV,16.2,21,,U,,,,,,08759 2MASS,,,1998.481,,2MASS,,V1757 Cyg,
311756,V1756 Cyg,309.1067083,40.0205,20.60711389,UV,15.6,21,,U,,,,,,08759 2MASS,,,1998.481,,2MASS,,V1756 Cyg,
880272,LX    Vul,310.0957083,24.0200556,20.67304722,M,17,21,,p,,,,,,03776 03776,,,2000.335,,2MASS,,LX    Vul,
311522,V1522 Cyg,310.47125,40.2341389,20.69808333,UV,17.9,20.5,,B,,,,,,07498 USNO,,,1953.452,,A2.0,,V1522 Cyg,
311590,V1590 Cyg,310.8254167,40.3058056,20.72169445,UV,16.6,20.2,,p,,,,,,07948 USNO,,,1953.452,,A2.0,,V1590 Cyg,
311698,V1698 Cyg,311.2166667,43.7325,20.74777778,UV,14.3,20.5,,U,,,,,,8508,,,,,,,V1698 Cyg,
311526,V1526 Cyg,311.396625,42.8704722,20.759775,UV,16.5,21,,U,,,,,,07753 USNO,,,1953.452,,A2.0,,V1526 Cyg,
200336,V0336 Cep,311.761375,67.3315556,20.78409167,UV,17,20.5,,p,,,,,,08241 08241,,,1999.739,?,2MASS,,V0336 Cep,
40319,PU    Aqr,311.9141667,0.1445278,20.79427778,UG,17.76,20.6,,r,,,,,pec,80559,,,2006.78,,Lit.,UG,PU    Aqr,
311528,V1528 Cyg,312.2245,41.2144444,20.81496667,UV,16.1,20.6,,U,,,,,,07753 USNO,,,1954.511,,A2.0,,V1528 Cyg,
311790,V1790 Cyg,312.5208333,43.4205556,20.83472222,UV,16.8,21,,p,,,,,,67316,,,,,,,V1790 Cyg,
311529,V1529 Cyg,312.692875,41.965,20.84619167,UV,14.1,20.5,,p,,,,,,07753 2MASS,,,2000.447,,2MASS,,V1529 Cyg,
40273,LY    Aqr *,312.7812917,-8.4603611,20.85208611,R,22.34,23.24,,R,,,0.1,,,75013 75013,,,,,Lit.,R,LY    Aqr,
311494,V1494 Cyg *,313.1087917,43.5560278,20.87391945,UVN,15.5,22,,U,,,,,,07463 07463,,,1990.697,,GCVS,,V1494 Cyg,
311603,V1603 Cyg,313.279375,42.6240556,20.88529167,UV,15.4,20.5,,p,,,,,,07948 2MASS,,,2000.395,,2MASS,,V1603 Cyg,
311709,V1709 Cyg,313.3375,45.0736111,20.88916667,UVN,16.3,20.5,,U,,,,,,8508,,,,,,,V1709 Cyg,
311710,V1710 Cyg,313.3538333,41.7621389,20.89025555,UVN,14.6,21.6,,U,,,,,,08510 USNO,,,1954.511,,A2.0,,V1710 Cyg,
200962,V0962 Cep,313.5989583,60.28525,20.90659722,NA,11,21,,V,56730,2014,,,pec(Nova),81197 81198,,0.000  0.000,2014.26,,Lit.,,V0962 Cep,
311604,V1604 Cyg,313.878125,43.5801389,20.92520833,UVN,16.8,20.5,,U,,,,,,07948 2MASS,,,2000.398,,2MASS,,V1604 Cyg,
311537,V1537 Cyg,313.945625,43.7048611,20.92970833,UVN,16.6,20.6,,U,,,,,,07753 USNO,,,1954.511,,A2.0,,V1537 Cyg,
311712,V1712 Cyg,314.1004167,43.2866667,20.94002778,UVN,17.3,21,,U,,,,,,08511 73138,,,,,GCVS,,V1712 Cyg,
311714,V1714 Cyg,314.3941667,43.1586389,20.95961111,UVN,15.9,21.6,,U,,,,,,08510 USNO,,,1954.511,,A2.0,,V1714 Cyg,
311612,V1612 Cyg,315.88875,41.1911111,21.05925,UV,16.2,20.5,,p,,,,,,07948 2MASS,,,2000.379,,2MASS,,V1612 Cyg,
311613,V1613 Cyg,316.0271667,43.5898611,21.06847778,UVN,15.9,21.5,,U,,,,,,07948 2MASS,,,1999.437,,2MASS,,V1613 Cyg,
40330,QV    Aqr *,316.2080833,1.0960556,21.08053889,UG,17.05,21,,g,,,,,pec(UG),80064 79229,,,2000,,Lit.,UG,QV    Aqr,
580068,AO    Oct,316.2845833,-75.3508333,21.08563889,UG,13.5,21,,p,,,,,,06920 08852,,,1992.423,,GCVS,,AO    Oct,
311500,V1500 Cyg *,317.9025417,48.1506667,21.19350278,NA,1.69,21,,V,42655,1975,,,pec(Nova),09173 07464,,,1990.645,,GCVS,,V1500 Cyg,
40274,LZ    Aqr *,320.8105833,-5.7980278,21.38737222,XNDR,16.5,21.7,,R,50998,1998,,,pec(e),N0130,,,,,Lit.,XN,LZ    Aqr,
40369,V0369 Aqr *,321.6224583,-0.3483333,21.44149722,RR(B),19.7,20.2,,r',,,0.439661,,,81040 USNO,,,1989.712,,G23,,V0369 Aqr,
312070,V2070 Cyg,321.667,52.3189167,21.44446667,LB,19.1,20.2,,B,,,,,,73134 73134,,,1991.762,,GCVS,,V2070 Cyg,
540088,BK    Mic,321.7916667,-44.73225,21.45277778,RR,19.6,20.4,,B,,,,,,68127 68127,,,1993.611,,GCVS,,BK    Mic,
40334,QZ    Aqr *,322.84325,-0.6602778,21.52288333,UGSU,14.1,21,,*,,,,,,80577 USNO,,,1989.712,,GSC2.3,UGSU,QZ    Aqr,
390094,BQ    Gru,323.3769583,-45.16475,21.55846389,RR,19.6,20.4,,B,,,,,,68127 68127,,,1984.159,,A2.0,,BQ    Gru,
200350,V0350 Cep,325.7500417,66.1911111,21.71666945,INT,17,21,,p,,,,,e(T),08381 08381,,,1999.742,,2MASS,,V0350 Cep,
40340,V0340 Aqr,327.1772083,-0.1231667,21.81181389,UGSU,15,22.8,,r',,,,,,80582,,,2001.788,,SDSS,UGSU,V0340 Aqr,
160135,DM    Cap *,328.546375,-9.0226944,21.90309167,NL,20.2,20.7,,*,,,,,pec(e),80030 GSC23,,,1987.784,,GSC2.3,CV,DM    Cap,
312466,V2466 Cyg,330.6743333,46.6519167,22.04495555,UGSU,15.7,21,,B,,,,,,78297 78297,,,1974.692,,Lit.,,V2466 Cyg,
40227,II    Aqr,334.1149167,-20.4566944,22.27432778,NL,19,21.5,,p,,,,,pec(e),73015 76005,,,1985.454,,GCVS,CV,II    Aqr,
40228,IK    Aqr,336.43225,-11.2279167,22.42881667,BLLAC,19.1,20.2,,p,,,,,pec(BL),04033 76005,,,1954.654,,A2.0,BLLac,IK    Aqr,
40380,V0380 Aqr *,340.5002917,-0.7061667,22.70001945,RR(B),20,20.6,,r',,,0.364,,,81040 USNO,,,1988.607,,G23,,V0380 Aqr,
200709,V0709 Cep,344.538,66.3534444,22.9692,N,12.63,20.6,,*,,,,,,77206 77207,,,2001.719,,Lit.,,V0709 Cep,
660082,BD    Psc,345.512625,-2.1944444,23.034175,UV,>18.,21,,p,,,,,,70092 70092,,,1953.914,,A2.0,,BD    Psc,
660260,LL    Psc *,350.446375,0.2356667,23.36309167,RR(B),19.8,20.6,,r',,,0.3486,,,81040 GSC23,,,1991.674,,G23,,LL    Psc,
40152,EH    Aqr,353.5250417,-22.8119167,23.56833611,UG,17.5,21,,p,,,,,,04037 76005,,,,,Lit.,UG,EH    Aqr,
10677,V0677 And,353.5962083,39.2398333,23.57308055,UGSU,18.2,21,,V,,,,,pec(e),80610 80630,,,1995.626,,GSC2.3,UGSU,V0677 And,
180955,V0955 Cas,357.9049583,63.0102778,23.86033055,M,15.7,22,,I,50046,,575,,,76006 2MASS,,,1992.741,,GSC2.2,M,V0955 Cas,
640132,DI    Phe,358.5852083,-47.00575,23.90568055,EA+NL,18.6,20.6,,V,50360.6614,,0.065538,,pec(e),80524 80524,,,1984.121,,A2.0,,DI    Phe,
620370,V0370 Peg,358.663125,28.3816944,23.910875,UG,16.3,21,,R,,,,,,75208 75303,,,1993.645,,GCVS,,V0370 Peg,
181196,V1196 Cas *,358.8267083,56.7206389,23.92178055,EA/RS,19.92,20.2,20.2,r',51800.6104,,0.904404,,,80614 80614,,,1999.5,,Lit.,EA+RS,V1196 Cas,
181198,V1198 Cas *,358.9955417,56.6748889,23.93303611,EA,20.1,20.7,,r',51798.5229,,,,,80614 80614,,,1999.5,,Lit.,EA,V1198 Cas,
181201,V1201 Cas *,359.0345833,56.6927778,23.93563889,UV,18,22,,V,,,,,,80004 80004,,,1992.8,,Lit.,UV,V1201 Cas,
181203,V1203 Cas *,359.0490417,56.7654444,23.93660278,EA/RS,20.05,20.62,20.2,r',51807.2607,,1.531,6,,80614 80614,,,1999.5,,Lit.,EA+RS,V1203 Cas,
181215,V1215 Cas *,359.2384583,56.5676111,23.94923055,EA,21.1,21.5,21.5,r',51798.4653,,2.621486,2,,00001 80614,,,1999.5,,Lit.,EA,V1215 Cas,
181221,V1221 Cas *,359.3550833,56.5769444,23.95700555,EW,19.49,20.2,19.95,V,,,0.2789,,,80004 80004,,,1952.953,,A2.0,EC,V1221 Cas,
181222,V1222 Cas *,359.3749583,56.9595278,23.95833055,EA/RS,20.25,20.6,20.5,r',51801.1921,,0.902117,7,,80614 80614,,,1999.5,,Lit.,EA+RS,V1222 Cas,
181226,V1226 Cas *,359.43775,56.9268333,23.96251667,EA,20.7,20.8,,r',51806.4638,,,,,80614 80614,,,1999.5,,Lit.,EA,V1226 Cas,
181230,V1230 Cas *,359.5557083,56.7600278,23.97038055,EA,20.4,20.58,20.46,r',51807.1193,,1.074,6,,80614 80614,,,1999.5,,Lit.,EA,V1230 Cas,
181232,V1232 Cas *,359.6139167,56.7767778,23.97426111,E,20.86,20.99,,r',51807.5492,,,,,80614 80614,,,1999.5,,Lit.,E,V1232 Cas,
181237,V1237 Cas *,359.6640833,56.6124167,23.97760555,EA/RS,20.51,20.99,,r',51808.7056,,0.450285,14,,80614 80614,,,1999.5,,Lit.,EA+RS,V1237 Cas,
