NNo,GCVS,J2000.0,Type,Max,Min I,Min II,,Epoch,Year,Period,M-m,Spectrum,References,Other desig. p.m.(as/yr),,Epoch,,Ident.,New type,GCVS,
180711,V0711 Cas *,003823.6  +482255. ,E,25.02,26.19,,g,47035.866,,0.36077,,,73075 73075,,,1987,,GCVS,E,V0711 Cas,
180713,V0713 Cas *,003827.4  +482152. ,E,24.55,25.59,,g,46731.69,,0.51423,,,73075 73075,,,1987,,GCVS,E,V0713 Cas,
180715,V0715 Cas *,003854.0  +482516. ,E,24.32,25.44,,g,47036.769,,0.71358,,,73075 73075,,,1987,,GCVS,E,V0715 Cas,
180712,V0712 Cas *,003826.8  +482009. ,E,24.48,25.41,,g,47036.769,,0.7225,,,73075 73075,,,1987,,GCVS,E,V0712 Cas,
180717,V0717 Cas *,003857.4  +482425. ,RRC,24.28,25.33,,g,47034.94,,0.21599,,,73075 73075,,,1987,,GCVS,RR1,V0717 Cas,
180719,V0719 Cas *,003858.6  +482658. ,E,24.3,25.33,,g,46733.62,,0.62853,,,73075 73075,,,1987,,GCVS,E,V0719 Cas,
180714,V0714 Cas *,003827.5  +482620. ,E,24.46,25.32,,g,46733.725,,0.29863,,,73075 73075,,,1987,,GCVS,E,V0714 Cas,
180718,V0718 Cas *,003857.8  +482732. ,E,24.22,25.2,,g,47035.87,,1.33835,,,73075 73075,,,1987,,GCVS,E,V0718 Cas,
850221,HU    Vel *,083520.68 -451035.5,PSR,23.2,25.2,,B,,,,,,10135 08276,,,1986.39,,Lit.,,HU    Vel,
180716,V0716 Cas *,003857.4  +482707. ,E,24.17,25.08,,g,,,0.73948,,,73075 73075,,,1987,,GCVS,E,V0716 Cas,
10319,PU    And *,004524.8  +404812. ,EB,24.2,24.93,24.4,B,46350.83,,0.5685,,,70004,#NULL!,,,,GCVS,EC,PU    And,
725678,V5678 Sgr,175215.09 -222032.4,XND,16.29,24.4,,i',55139,2009,,,ea,81206 81207,,,2009.84,,lit.,,V5678 Sgr,
880406,V0406 Vul,185841.51 +223930.2,XND,15.33,24,,V,,,,,,76193 76194,,,1999.784,,Lit.,,V0406 Vul,
630512,V0512 Per,032903.77 +311604.0,INT,20.22,23.8,,V,,,,,,71022 71022,,,1992.742,,GSC2.2,,V0512 Per,
725511,V5511 Sgr,181339.04 -334622.3,XP,18.05,23.3,,R,,,,,,78233 78233,,,2003.47,,Lit.,,V5511 Sgr,
40273,LY    Aqr *,205107.51 -082737.3,R,22.34,23.24,,R,,,0.1,,,75013 75013,,,,,Lit.,R,LY    Aqr,
880498,V0498 Vul *,195951.29 +224232.3,UGSU,15.6,23,,*,,,,,,80233 80537,,,2005.629,,Lit.,,V0498 Vul,
410045,WW    Hor,023611.45 -521914.4,E+XM,18.4,23,,B,,,,,,69163 69164,,,1979.806,,A2.0,,WW    Hor,
570332,QX    Nor *,161243.04 -522523.6,XND,18.2,23,,I,,,,,,04119 08521,,,1979.234,,GCVS,,QX    Nor,
592134,V2134 Oph,170206.53 -295644.0,XBND,18.3,23,,V,,,,,,67093 67115,,,1999.334,,GCVS,,V2134 Oph,
710332,QX    Sge,195936.77 +204815.2,E/PSR,20.4,23,,V,,,,,,69236 69236,,,1988.657,,Lit.,,QX    Sge,
870038,UY    Vol,074833.70 -674507.5,XBN+E,16.9,23,,V,,,,,,68301 68300,,,1996.139,,GSC2.2,,UY    Vol,
120126,CZ    Cnc,082522.24 +202158.8,UV,13.5,23,,p,,,,,M,08354 N0337,,,1998.023,,2MASS,UV,CZ    Cnc,
120286,MX    Cnc,091534.91 +081356.1,UG,17.7,23,,r,,,,,pec(UG),81130 81130,,0.000  0.000,2008.053,,Lit.,,MX    Cnc,
860193,GK    Vir *,141536.53 +011717.7,EA/WD,17.01,23,,V,42543.8371,,0.344330809,1,,08278 08278,,,1955.374,,A2.0,,GK    Vir,
20100,BW    Ant *,092920.19 -312303.2,XP,18.63,22.89,,V,,,,,,80321 80321,,,2002.336,,Lit.,X,BW    Ant,
40340,V0340 Aqr,214842.53 -000723.4,UGSU,15,22.8,,r',,,,,,80582,,,2001.788,,SDSS,UGSU,V0340 Aqr,
360225,HY    Eri,050145.61 -035937.0,XM+EA,17.4,22.7,,V,,,,,,76040 76005,,,1955.954,,A2.0,,HY    Eri,
50605,V0605 Aql *,191820.44 +014659.5,*,10.4,22.5,,V,,,,,C(R0),N0267,,,,,Lit.,Nhf,V0605 Aql,
190868,V0868 Cen,135010.60 -630852.0,NA,10.24,22.5,,V,48376,1991,,,pec(Nova),N0515 N0516,,,,,Lit.,N,V0868 Cen,
724722,V4722 Sgr,181044.35 -260901.0,XB,21.5,22.5,,B,,,,,,76171 76171,,,1998.196,,GCVS,,V4722 Sgr,
51405,V1405 Aql *,191847.92 -051418.5,E+XB,20.5,22.5,,B,46900.0128,,0.03504115,,,N0297 N0298,,,1982.56,,GCVS,E+X,V1405 Aql,
780390,V0390 Tau *,035207.95 +252754.8,UV,16.5,22.5,,U,,,,,,05520 10031,,,1998.763,,2MASS,,V0390 Tau,
630518,V0518 Per,042142.79 +325427.1,XND+ELL,13.15,22.4,,V,,,,,,72140 72140,,,1993.55,,Lit.,,V0518 Per,
592715,V2715 Oph *,170930.34 -263920.0,XB,20.5,22.24,,R,,,,,,80460 80460,,,1997.326,,GCVS,,V2715 Oph,
730723,V0723 Sco *,175005.3  -352358. ,NA,9,22.2,,B,34236,1952,,,,03522 03522,,,1952.6,,Lit.,,V0723 Sco,
191258,V1258 Cen *,130029.05 -305257.1,EA+UG,15.4,22.2,,V,50567.55919,,0.08885,11,pec(UG),80374 80374,,,1999.24,,2MASS,EA+UG,V1258 Cen,
520516,V0516 Lyr,192035.69 +374452.1,UG,18.9,22.2,,V,,,,,,73192 73193,,,1955.382,,A2.0,,V0516 Lyr,
70022,SV    Ari,032503.34 +194952.9,N,12,22.1,,p,17156,1905,,,,72118 72118,,,1994.753,,Lit.,N,SV    Ari,
600985,V0985 Ori *,053529.34 -071015.8,UVN,16.9,22,,p,,,,,,09482 09482,,,,,GCVS,,V0985 Ori,
780669,V0669 Tau *,035001.68 +243648.6,UV,13.5,22,,U,,,,,,07486 06894,,,1997.882,,2MASS,,V0669 Tau,
10256,KW    And,023518.00 +411402.1,UG,14.8,22,,p,,,,,pec(UG),08197 72085,,,1951.973,,A2.0,UG,KW    And,
140108,CG    CMa *,070405.28 -234534.2,UGSU,13.7,22,,V,,,,,pec(UG),N0362 N0363,,,1999,,Lit.,UGSU,CG    CMa,
780661,V0661 Tau *,034835.19 +225342.5,UV,15.3,22,,U,,,,,,06894 06894,,,1997.824,?,2MASS,,V0661 Tau,
51419,V1419 Aql,191306.80 +013423.3,NA,7.4,22,,V,49130,1993,,,pec(Nova),00001 79229,,,1993.95,,Lit.,N,V1419 Aql,
51831,V1831 Aql,192150.12 +150924.8,NA,14.7,22,,V,57295,2015,,,pec(Nova),81314 81315,,,,,,,V1831 Aql,
592290,V2290 Oph,174305.60 -200655.3,NA,9.3,22,,V,,,,,,71156,,,1991.855,,Lit.,,V2290 Oph,
724135,V4135 Sgr,175945.06 -321621.2,N,10.4,22,,V,,,,,,69240 69157,,,1987.515,,Lit.,,V4135 Sgr,
180955,V0955 Cas,235137.19 +630037.0,M,15.7,22,,I,50046,,575,,,76006 2MASS,,,1992.741,,GSC2.2,M,V0955 Cas,
181037,V1037 Cas *,002903.05 +593418.9,*,17.2,22,,i',,,,,,N0475 80040,,,2006,,Lit.,Xlm,V1037 Cas,
181201,V1201 Cas *,235608.30 +564134.0,UV,18,22,,V,,,,,,80004 80004,,,1992.8,,Lit.,UV,V1201 Cas,
311494,V1494 Cyg *,205226.11 +433321.7,UVN,15.5,22,,U,,,,,,07463 07463,,,1990.697,,GCVS,,V1494 Cyg,
592110,V2110 Oph,174333.37 -224535.9,NC,12,22,,V,,1940,,,pec(Nova)+M8,09554 09554,,,1980.885,,A2.0,,V2110 Oph,
592301,V2301 Oph,180035.57 +081012.3,E+AM,16,22,,V,,,,,,72127 72085,,,1950.522,,A2.0,,V2301 Oph,
780327,QS    Tau *,034711.02 +241351.7,UV,14,22,,U,,,,,,05607 10031,,,2000.732,,2MASS,,QS    Tau,
780345,V0345 Tau *,034820.58 +233101.7,UV,15,22,,U,,,,,,05606 10031,,,1997.824,,2MASS,,V0345 Tau,
850252,KS    Vel,084045.38 -543753.8,UV,18,22,,U,,,,,,68271 68271,,,1998.908,,2MASS,,KS    Vel,
120080,BB    Cnc *,084038.   +192947. ,UV,15.7,21.8,,U,,,,,M,5520,,,,,,UV,BB    Cnc,
860324,PZ    Vir,132411.57 +032050.5,AM,20.5,21.8,,r,,,,,,78168 78043,,,2002.2,,Lit.,,PZ    Vir,
40274,LZ    Aqr *,212314.54 -054752.9,XNDR,16.5,21.7,,R,50998,1998,,,pec(e),N0130,,,,,Lit.,XN,LZ    Aqr,
401247,V1247 Her,171145.09 +301320.1,NL,21.44,21.67,,*,,,0.05579861,,,80030 80027,,,1950.462,,A2.0,,V1247 Her,
51333,V1333 Aql *,191116.11 +003506.3,XND,14.82,21.6,,V,,,,,K6V-M0V+pec(e),N0289 N0289,,,1951.645,,A2.0,XN,V1333 Aql,
120083,BE    Cnc *,084122.   +201242. ,UV,16.6,21.6,,U,,,,,,3924,,,,,,UV,BE    Cnc,
170365,V0365 Car *,110315.98 -582727.5,NB,10.1,21.6,,B,32820,1948,,,pec(e),72118 72118,,,,,Lit.,N,V0365 Car,
180710,V0710 Cas *,003646.00 +632852.9,FU,18.6,21.6,,V,,,,,F8II,73074 2MASS,,,1998.668,,2MASS,TT,V0710 Cas,
311710,V1710 Cyg,205324.92 +414543.7,UVN,14.6,21.6,,U,,,,,,08510 USNO,,,1954.511,,A2.0,,V1710 Cyg,
311714,V1714 Cyg,205734.60 +430931.1,UVN,15.9,21.6,,U,,,,,,08510 USNO,,,1954.511,,A2.0,,V1714 Cyg,
780301,NZ    Tau *,034513.14 +241523.8,UV,15.8,21.6,,U,,,,,,05606 10031,,,1999.962,,2MASS,,NZ    Tau,
780397,V0397 Tau *,035324.49 +250207.2,UV,16.6,21.6,,U,,,,,,03924 10031,,,1999.987,,2MASS,,V0397 Tau,
601200,V1200 Ori,053657.48 -070211.6,UV,14.8,21.5,,B,,,,,,70086 70086,,,1986.92,,GCVS,,V1200 Ori,
660072,AS    Psc,012808.37 +311457.3,UG,16.5,21.5,,B,,,,,,67191 67190,,,2002.05,,Lit.,,AS    Psc,
781212,V1212 Tau *,035156.97 +252528.6,UGSU,15.3,21.5,,B,,,,,,77033 77033,,,1986.845,,GCVS,,V1212 Tau,
40227,II    Aqr,221627.58 -202724.1,NL,19,21.5,,p,,,,,pec(e),73015 76005,,,1985.454,,GCVS,CV,II    Aqr,
80813,V0813 Aur,071948.92 +405331.8,UG,16.7,21.5,,*,,,,,,81118 81118,,0.000  0.000,2003.839,,SDSS,,V0813 Aur,
160077,AX    Cap,200856.99 -171639.2,UGSU,16,21.5,,V,,,,,pec(UG),80233 76005,,,,,GCVS,UGSU,AX    Cap,
181215,V1215 Cas *,235657.23 +563403.4,EA,21.1,21.5,21.5,r',51798.4653,,2.621486,2,,00001 80614,,,1999.5,,Lit.,EA,V1215 Cas,
190890,V0890 Cen,134931.97 -475440.6,NL,19,21.5,,p,,,,,pec(e),73015 73015,,,1983.2,,B1.0,CV,V0890 Cen,
311613,V1613 Cyg,210406.52 +433523.5,UVN,15.9,21.5,,U,,,,,,07948 2MASS,,,1999.437,,2MASS,,V1613 Cyg,
460221,HU    Leo,092444.47 +080151.0,EA+AM,18.2,21.5,,V,54856.71933,,0.0911411,8,pec(e),80237 USNO,,,2000.143,,2MASS,,HU    Leo,
592172,V2172 Oph,171444.19 -290243.8,M,18.8,21.5,,B,,,,,,67120 67120,,,1997.321,,GSC2.2,,V2172 Oph,
592293,V2293 Oph,171936.93 -250103.4,XND,17.1,21.5,,B,,,,,,72120,,,1993.756,,Lit.,,V2293 Oph,
800096,BS    Tri,020929.82 +283229.4,E+XM,17,21.5,,V,53666.543,,0.06685,6,pec(e),80108 80108,,,1997.846,,2MASS,,BS    Tri,
570381,V0381 Nor,155058.68 -562835.5,XND,15.6,21.4,,V,,,,,,76132 76133,,,1998.76,,GCVS,,V0381 Nor,
80808,V0808 Aur *,071126.01 +440405.2,AM+EA,14.8,21.4,,V,,,,,wd+dM,81115 USNO,,,1998.295,,2MASS,,V0808 Aur,
130198,GP    CVn *,122740.70 +513925.4,UGSU+EA,14.5,21.4,,*,,,,,DA+M,81153 81153,,0.000  0.000,1953.29,,A20,,GP    CVn,
592183,V2183 Oph,171520.55 -292920.3,M,16,21.4,,B,,,,,,67120 67120,,,1997.321,,GSC2.2,,V2183 Oph,
780401,V0401 Tau *,035425.03 +244243.7,UV,16,21.4,,U,,,,,,03924 10031,,,1999.902,,2MASS,,V0401 Tau,
780752,V0752 Tau *,034735.85 +245226.9,UV,16.5,21.4,,U,,,,,,08561 10031,,,1998.889,,2MASS,,V0752 Tau,
725634,V5634 Sgr *,180951.09 -194351.9,XP,20.8,21.36,,Ks,,,,,,80498 80499,,-0.019,2006.42,,Lit.,,V5634 Sgr,
120071,AR    Cnc *,092207.57 +310314.7,UG+E,15.3,21.3,,V,,,0.2146,,pec(UG)+M4-5.5,N0325 72085,,,1955.229,,A2.0,UG+E,AR    Cnc,
780334,QZ    Tau *,034745.91 +243801.5,UV,13.2,21.2,,U,,,,,,05607 10031,,,1998.889,,2MASS,,QZ    Tau,
830319,PU    UMa *,090103.93 +480911.8,UG+EA,16.2,21.2,,*,53773.4875,,0.0778805,10,pec(UG),80030 80027,,,1954.18,,A2.0,,PU    UMa,
430100,BW    Hyi,034515.29 -715616.7,RRAB,18.78,21.12,,B,,,,,,72082 72082,,,1980.379,,A2.0,,BW    Hyi,
592180,V2180 Oph,171509.61 -292734.9,M,16.4,21.1,,B,,,,,,67120 67120,,,1997.321,,GSC2.2,,V2180 Oph,
790379,V0379 Tel *,192832.48 -500134.4,E+AM,17.3,21.05,,V,52879.2813,,0.0701623,,wd+M,80523 80374,,,2000.775,,2MASS,E+AM,V0379 Tel,
601246,V1246 Ori,053714.88 -061939.8,UVN,16.5,21,,p,,,,,,71047 71045,,,1998.221,,2MASS,,V1246 Ori,
780324,PZ    Tau *,034654.60 +245910.3,UV,17,21,,U,,,,,,05610 10031,,,2000.732,,2MASS,,PZ    Tau,
800039,UZ    Tri,015824.66 +333131.0,N,>14.2,21,,p,,,,,,69005 69005,,,1976,?,B1.0,,UZ    Tri,
110528,V0528 Cam,034450.76 +683752.5,UG,14.9,21,,*,,,,,pec,81062 81062,,0.000  0.000,1993.733,,G23,,V0528 Cam,
250184,FU    Com,123051.49 +270709.9,UG,19.5,21,,p,,,,,,05378 USNO,,,1950.276,,A2.0,,FU    Com,
250188,FY    Com,124916.0  +272522. ,UG,19.5,21,,p,,,,,,5378,,,,?,Lit.,,FY    Com,
312659,V2659 Cyg,202142.33 +310329.5,NB,9.5,21,,V,56756,2014,,,pec(Nova),81199,,0.000  0.000,2014.25,,Lit.,,V2659 Cyg,
780854,V0854 Tau,034527.51 +233757.3,UV,16.7,21,,U,,,,,,68240 68241,,,1998.859,,2MASS,,V0854 Tau,
40152,EH    Aqr,233406.01 -224842.9,UG,17.5,21,,p,,,,,,04037 76005,,,,,Lit.,UG,EH    Aqr,
311712,V1712 Cyg,205624.1  +431712. ,UVN,17.3,21,,U,,,,,,08511 73138,,,,,GCVS,,V1712 Cyg,
311756,V1756 Cyg,203625.61 +400113.8,UV,15.6,21,,U,,,,,,08759 2MASS,,,1998.481,,2MASS,,V1756 Cyg,
311757,V1757 Cyg,203616.45 +404718.9,UV,16.2,21,,U,,,,,,08759 2MASS,,,1998.481,,2MASS,,V1757 Cyg,
312466,V2466 Cyg,220241.84 +463906.9,UGSU,15.7,21,,B,,,,,,78297 78297,,,1974.692,,Lit.,,V2466 Cyg,
592335,V2335 Oph,180417.26 +044344.2,UG,15,21,,B,,,,,,73223 73223,,,1976.5,,Lit.,,V2335 Oph,
601052,V1052 Ori *,054205.10 -051108.1,UV,14,21,,U,,,,,,08425 USNO,,,1955.88,,A2.0,,V1052 Ori,
601100,V1100 Ori,053211.96 -044316.0,UVN,16.2,21,,p,,,,,,67146 67146,,,1955.88,,A2.0,,V1100 Ori,
601112,V1112 Ori,053333.76 -062554.1,UVN,16.4,21,,p,,,,,,67145 67145,,,1955.88,,A2.0,,V1112 Ori,
601141,V1141 Ori,053738.89 -065253.2,UVN,16.5,21,,p,,,,,,67145 67145,,,1998.246,,2MASS,,V1141 Ori,
780804,V0804 Tau *,035324.96 +233751.0,UV,15.3,21,,U,,,,,,08794 10031,,,1973.3,?,B1.0,,V0804 Tau,
400585,V0585 Her,185723.71 +142959.5,M,16,21,,p,,,,,,03776 03776,,,1990.628,,GCVS,,V0585 Her,
592264,V2264 Oph,172020.94 -264626.3,NA,9.8,21,,V,,,,,,71148 71149,,,1991.29,,Lit.,,V2264 Oph,
10677,V0677 And,233423.09 +391423.4,UGSU,18.2,21,,V,,,,,pec(e),80610 80630,,,1995.626,,GSC2.3,UGSU,V0677 And,
51680,V1680 Aql,190214.48 +130303.2,NA,9.7,21,,V,46266,1985,,,,78259 78259,,,1987.412,,GSC2.2,N,V1680 Aql,
51722,V1722 Aql,191409.71 +151634.4,NA,9.96,21,,V,55183,2009,,,Pec(Nova),N0311,,,2009.95,,Lit.,N,V1722 Aql,
60258,KY    Ara *,180821.96 -545617.3,UG,15.8,21,,B,28715,,,,,N0008 76005,,,,,Lit.,UG,N,KY    Ara
80496,V0496 Aur,072752.20 +404655.5,UG,15.7,21,,R,,,,,pec(UG),75039 79229,,,,,Lit.,UG,V0496 Aur,
200350,V0350 Cep,214300.01 +661128.0,INT,17,21,,p,,,,,e(T),08381 08381,,,1999.742,,2MASS,,V0350 Cep,
200962,V0962 Cep,205423.75 +601706.9,NA,11,21,,V,56730,2014,,,pec(Nova),81197 81198,,0.000  0.000,2014.26,,Lit.,,V0962 Cep,
230127,DD    Cir,142323.45 -690845.3,NA,7.5,21,,V,,,,,,75292 75293,,,,,Lit.,,DD    Cir,
250179,FP    Com *,122719.19 +273600.3,UV,15.5,21,,p,,,,,,05378 2MASS,,-0.133,2000,,2MASS+pm,,FP    Com,
250215,HO    Com *,121931.   +251321. ,UV,16.2,21,,p,,,,,,8397,,,,,,,HO    Com,
250219,HS    Com *,122624.   +255324. ,UV,15.5,21,,p,,,,,,8397,,,,,,,HS    Com,
311278,V1278 Cyg,194257.34 +344458.5,M,14.8,21,,p,33175,,290,,,05353 05353,,,1992.644,,GCVS,,V1278 Cyg,
311279,V1279 Cyg,194314.19 +293314.4,M,16,21,,p,34630,,322,,M3-M8,05541 05541,,,1995.59,,GCVS,,V1279 Cyg,
311282,V1282 Cyg,194357.40 +402045.5,M,15.9,21,,p,33160,,270,,,05353 05353,,,1991.683,,GCVS,,V1282 Cyg,
311301,V1301 Cyg,200212.67 +373805.7,M,16.5,21,,p,34100,,485,,M,07749 07749,,,1989.491,,GCVS,,V1301 Cyg,
311500,V1500 Cyg *,211136.61 +480902.4,NA,1.69,21,,V,42655,1975,,,pec(Nova),09173 07464,,,1990.645,,GCVS,,V1500 Cyg,
311783,V1783 Cyg,203150.   +395213. ,UV,16.3,21,,U,,,,,,67300,,,,,,,V1783 Cyg,
340144,DV    Dra,181723.10 +504818.1,UG,15.3,21,,p,,,,,,68119 68119,,,1984.433,,GCVS,,DV    Dra,
340245,KL    Dra,192438.19 +594146.7,UG,16.8,21,,B,,,,,,75138,,,1998.587,,Lit.,,KL    Dra,
400631,V0631 Her,180844.0  +342734. ,UG,16.2,21,,p,,,-32,,,04184 05443,,,,,Lit.,,V0631 Her,
401010,V1010 Her,181414.31 +304337.0,UG,17.8,21,,B,,,,,,75145 75299,,,1998.762,,Lit.,,V1010 Her,
520374,V0374 Lyr,191915.01 +331446.4,M,15.5,21,,p,33490,,425,,,03677 03677,,,1955.382,,A2.0,,V0374 Lyr,
550686,V0686 Mon,072542.72 -030621.9,M,11.5,21,,p,,,,,,69197 69198,,,1986.197,,GSC2.2,,V0686 Mon,
591012,V1012 Oph,174134.54 -232333.1,N,14,21,,B,37410,1961,,,pec(Nova),04210 04210,,,1961.315,,Lit.,,V1012 Oph,
592295,V2295 Oph,172506.42 -231110.8,NA,9,21,,V,,,,,,72122,,,1993.294,,Lit.,,V2295 Oph,
592676,V2676 Oph,172607.02 -255142.6,NA,11.8,21,,V,56094,2012,,,pec(Nova),80642 80643,,,2012.239,,Lit..,,V2676 Oph,
592677,V2677 Oph,173957.00 -244707.2,NA,11.18,21,,V,56069,2012,,,pec(Nova),80644 80645,,,2012.39,,Lit..,,V2677 Oph,
592862,V2862 Oph *,165901.66 -151528.8,XND,16.1,21,,R,,,,,,81184,,0.000  0.000,2011.4,,GCVS,,V2862 Oph,
592949,V2949 Oph,173447.74 -240904.0,N,11.9,21,,V,57308,2015,,,pec(Nova),81316 81317,,,,,,,V2949 Oph,
620370,V0370 Peg,235439.15 +282254.1,UG,16.3,21,,R,,,,,,75208 75303,,,1993.645,,GCVS,,V0370 Peg,
630965,V0965 Per,031116.23 +370502.7,N,17.5,21,,*,55873,2011,,,pec(Nova),80608,,,2011.854,,Lit..,,V0965 Per,
724157,V4157 Sgr,180935.01 -255158.2,NA,7,21,,V,,,,,,71158 71159,,,1992.12,,Lit.,,V4157 Sgr,
724160,V4160 Sgr,181413.94 -321228.5,NA,7,21,,V,,,,,,71162,,,1991.576,,Lit.,,V4160 Sgr,
724368,V4368 Sgr,185440.32 -194159.8,NC,10,21,,V,,,,,,73291 73292,,,1998.418,,2MASS,,V4368 Sgr,
724444,V4444 Sgr,180736.20 -272013.2,NA,7.7,21,,V,,,,,,75225 75304,,,1999.407,,2MASS,,V4444 Sgr,
725584,V5584 Sgr,183132.79 -161907.8,NA,9.21,21,,V,55134,2009,2009,,pec(Nova),80225,,,2009.821,,Lit.,,V5584 Sgr,
731312,V1312 Sco,165509.46 -383804.5,NA,10.5,21,,V,55715,2011,,,pec(Nova),80428,,,,,,,V1312 Sco,
780701,V0701 Tau *,034401.97 +215707.4,UG,15,21,,p,,,,,,07484 07484,,,1990.8,,B1.0,,V0701 Tau,
800120,CT    Tri,023839.09 +355649.1,UGSU,14.34,21,,V,,,,,,80122 80122,,,1987.752,,GSC2.3,,CT    Tri,
830106,CE    UMa *,111611.   +292138. ,UG,15.5,21,,p,,,,,,5940,,,,,,,CE    UMa,
840015,RW    UMi,164754.82 +770212.3,NA,6,21,,p,35741,1956,,,pec(Nova),04204 04205,,,1996.533,,GSC2.2,,RW    UMi,
880269,LU    Vul *,194535.37 +283529.1,NA,9.2,21,,p,40057,1968,,,peq(Nova),05801 05801,,,1968.8,,Lit.,,LU    Vul,
880272,LX    Vul,204022.97 +240112.2,M,17,21,,p,,,,,,03776 03776,,,2000.335,,2MASS,,LX    Vul,
40330,QV    Aqr *,210449.94 +010545.8,UG,17.05,21,,g,,,,,pec(UG),80064 79229,,,2000,,Lit.,UG,QV    Aqr,
40334,QZ    Aqr *,213122.38 -003937.0,UGSU,14.1,21,,*,,,,,,80577 USNO,,,1989.712,,GSC2.3,UGSU,QZ    Aqr,
51378,V1378 Aql,191635.35 +034319.3,N,10,21,,p,46037,1984,,,,72118 79229,,,,,Lit.,N,V1378 Aql,
120155,EL    Cnc *,083611.   +200134. ,UV,17.9,21,,p,,,,,,70013,,,,,,UV,EL    Cnc,
120164,EU    Cnc *,085127.16 +114657.4,XM,20.4,21,,V,,,0.0871,,pec(e),71080 79229,,,,,GCVS,AM,EU    Cnc,
181180,V1180 Cas *,023301.53 +724327.0,INT,14.59,21,,Ic,,,,,K7-M0e,80430 80430,,-0.008,2000,,SDSS,TT,V1180 Cas,
190891,V0891 Cen,135029.18 -480248.1,NL,19,21,,p,,,,,pec(e),73015 73015,,,1979.283,,A2.0,CV,V0891 Cen,
311441,V1441 Cyg,194358.80 +372538.4,M,14.7,21,,p,32765,,320,,,06855 06855,,,1992.664,,GCVS,,V1441 Cyg,
311447,V1447 Cyg,194619.95 +393620.8,M,14.4,21,,p,32630,,330,,,06855 06855,,,1991.598,,GCVS,,V1447 Cyg,
311526,V1526 Cyg,204535.19 +425213.7,UV,16.5,21,,U,,,,,,07753 USNO,,,1953.452,,A2.0,,V1526 Cyg,
311752,V1752 Cyg,202907.30 +402611.9,UV,15.5,21,,U,,,,,,08759 USNO,,,1953.452,?,A2.0,,V1752 Cyg,
311753,V1753 Cyg,203152.48 +431054.2,UV,16.3,21,,U,,,,,,08759 USNO,,,1953.452,,A2.0,,V1753 Cyg,
311777,V1777 Cyg,202438.81 +423408.2,UV,15.5,21,,U,,,,,,67300 USNO,,,1953.452,,A2.0,,V1777 Cyg,
311790,V1790 Cyg,205005.   +432514. ,UV,16.8,21,,p,,,,,,67316,,,,,,,V1790 Cyg,
400334,QZ    Her,185137.65 +120919.0,M,14.4,21,,p,33479,,303,,,00164 02368,,,1991.385,,GCVS,,QZ    Her,
460228,IK    Leo *,102146.45 +234927.7,UGSU,13.9,21,,V,,,,,pec(UG),80331 80331,,,1990.012,,GSC2.3,,IK    Leo,
550580,V0580 Mon *,064052.11 +092913.9,IN,18,21,,p,,,,,,06587 06587,,,1989.85,,GSC2.2,,V0580 Mon,
580068,AO    Oct,210508.3  -752103. ,UG,13.5,21,,p,,,,,,06920 08852,,,1992.423,,GCVS,,AO    Oct,
592107,V2107 Oph,170814.40 -250533.1,XND,16.5,21,,B,,,,,pec(cont-e),09551 09551,,,1974.602,,GCVS,,V2107 Oph,
592214,V2214 Oph,171201.69 -293733.5,NB,9.4,21,,V,,,,,,69207,,,1988.287,,Lit.,,V2214 Oph,
600897,V0897 Ori *,054006.16 -062820.2,UVN,15,21,,U,,,,,,05573 05573,,,1998.246,,2MASS,,V0897 Ori,
600977,V0977 Ori *,053403.65 -045721.2,UVN,15.7,21,,p,,,,,,09482 09482,,,1998.213,,2MASS,,V0977 Ori,
601065,V1065 Ori *,053206.46 -043446.1,UVN,15.6,21,,p,,,,,,08778 08778,,,,,GCVS,,V1065 Ori,
601131,V1131 Ori,053619.17 -050037.9,UVN,14.1,21,,U,,,,,,67150 USNO,,,1955.88,,A2.0,,V1131 Ori,
630159,EP    Per,025511.60 +542546.5,M,15.5,21,,p,29174,,262,,,00911 02347,,,1993.94,,GSC2.2,,EP    Per,
660082,BD    Psc,230203.03 -021140.0,UV,>18.,21,,p,,,,,,70092 70092,,,1953.914,,A2.0,,BD    Psc,
680661,V0661 Pup *,072632.92 -474118.2,EA,20.2,21,20.7,V,48668.7426,,0.8882,,,80277 80277,,,1980.028,,Lit.,,V0661 Pup,
724334,V4334 Sgr,175232.69 -174108.0,*,10.9,21,,V,,,,,,73280 73280,,,1999.324,,2MASS,,V4334 Sgr,
750185,FV    Sct,183451.65 -125526.9,N,7,21,,p,37070,1960,,,pec(Nova),04228 04228,,,1996.615,,GSC2.2,,FV    Sct,
760489,V0489 Ser,155532.00 -001055.1,EA,19.2,21,,*,53873.59434,,0.078847,12,pec(e),80064 80027,,,1992.424,,GSC2.3,,V0489 Ser,
780341,V0341 Tau *,034805.71 +223809.6,UV,12,21,,U,,,,,,07328 10031,,,1997.824,,2MASS,,V0341 Tau,
780445,V0445 Tau *,034606.88 +251445.1,UV,14.5,21,,p,,,,,,10031 10031,,,1999.962,,2MASS,,V0445 Tau,
780522,V0522 Tau *,034524.64 +250238.6,UV,15.3,21,,U,,,,,,06397 10031,,,1999.962,,2MASS,,V0522 Tau,
780609,V0609 Tau *,034150.54 +225517.7,UV,15.8,21,,p,,,,,,06893 10031,,,1998.752,,2MASS,,V0609 Tau,
780732,V0732 Tau *,033832.70 +232407.4,UV,16.2,21,,p,,,,,,08554 10031,,,1998.752,,2MASS,,V0732 Tau,
780757,V0757 Tau *,034832.6  +232630. ,UV,18.5,21,,p,,,,,,08554 10031,,,,?,Lit.,,V0757 Tau,
780862,V0862 Tau,034715.73 +222117.2,UV,15.9,21,,U,,,,,,68246 68236,,,1997.824,,2MASS,,V0862 Tau,
780930,V0930 Tau,043258.99 +261439.8,UV,15.5,21,,p,,,,,,68262 2MASS,,,1997.914,,2MASS,,V0930 Tau,
830165,EV    UMa,130753.86 +535130.4,AM,17,21,,V,,,,,,72171 72218,,,1999.193,,2MASS,,EV    UMa,
181232,V1232 Cas *,235827.34 +564636.4,E,20.86,20.99,,r',51807.5492,,,,,80614 80614,,,1999.5,,Lit.,E,V1232 Cas,
181237,V1237 Cas *,235839.38 +563644.7,EA/RS,20.51,20.99,,r',51808.7056,,0.450285,14,,80614 80614,,,1999.5,,Lit.,EA+RS,V1237 Cas,
50841,V0841 Aql,190739.79 +102943.7,NB,11.5,20.9,,p,33743,1951,,,pec(Nova),72118,,,,,Lit.,N,V0841 Aql,
720685,V0685 Sgr,181424.60 -350733.1,M,14.4,20.9,,p,36662,,192.3,,,00001 06286,,,1996.683,,GSC2.2,,V0685 Sgr,
120081,BC    Cnc *,084107.   +190143. ,UV,16.8,20.9,,U,,,,,M,5520,,,,,,UV,BC    Cnc,
370039,UZ    For,033528.62 -254421.9,E+XM,18.2,20.9,,V,,,,,,69146 69147,,,1983.335,,A2.0,,UZ    For,
560203,GU    Mus,112626.88 -684032.5,XND+ELL,13.65,20.9,,B,,,,,,71102 71104,,,1991,,Lit.,,GU    Mus,
592147,V2147 Oph,171314.62 -294407.9,M,17.6,20.9,,B,,,,,,67120 67120,,,1997.321,,GSC2.2,,V2147 Oph,
780252,KS    Tau *,034010.91 +260641.0,UV,14.4,20.9,,U,,,,,,05606 10031,,,1999.861,,2MASS,,KS    Tau,
210201,GS    Cet,005050.91 +000912.9,NL,20.65,20.85,,g,,,0.0558,,pec(e),80064 80027,,,1990.659,,GSC2.3,,GS    Cet,
591235,V1235 Oph *,170150.00 -202100.5,N,17,20.8,,p,36810,1959,,,,05455 GSC22,,,1996.544,,GSC2.2,,V1235 Oph,
591272,V1272 Oph,170302.15 -222916.3,M,15.7,20.8,,p,35600,,270,,,05455 USNO,,,1980.896,,A2.0,,V1272 Oph,
830019,SS    UMa,140202.7  +542757. ,SN,13.5,20.8,,B,18359,1909,,,,V 436 V 436,#NAME?,,1909.143,,Lit.,,SS    UMa,
181226,V1226 Cas *,235745.06 +565536.6,EA,20.7,20.8,,r',51806.4638,,,,,80614 80614,,,1999.5,,Lit.,EA,V1226 Cas,
210173,FI    Cet,015118.57 -022300.7,UG,14,20.8,,R,,,,,,78029 78029,,,1985,,B1.0,,FI    Cet,
370026,SZ    For,034119.93 -263621.5,UG,18.2,20.8,,p,,,,,,04033 04033,,,1983.335,,A2.0,,SZ    For,
400754,V0754 Her,171002.11 +435754.4,IA,18.2,20.8,,B,,,,,,08474 08474,,,1954.517,,A2.0,,V0754 Her,
592138,V2138 Oph,171239.23 -291608.1,M,16,20.8,,B,,,,,,67120 67120,,,1997.321,,GSC2.2,,V2138 Oph,
592186,V2186 Oph,171540.51 -291457.8,M,18,20.8,,B,,,,,,67120 67120,,,1997.321,,GSC2.2,,V2186 Oph,
592194,V2194 Oph,171604.69 -294024.9,RRAB,19.2,20.8,,B,,,,,,67120 67120,,,1997.321,,GSC2.2,,V2194 Oph,
520716,V0716 Lyr,192117.26 +374504.6,EA/RS,19.76,20.78,,V,,,0.436533,,,80520 GSC23,,,1992.438,,GSC2.3,,V0716 Lyr,
700029,TV    Ret,043540.68 -591524.3,UG,16.61,20.77,,B,,,,,,72082 72082,,,,,A2.0,,TV    Ret,
380446,V0446 Gem,064719.10 +333424.5,UG,18.1,20.7,,*,,,,,pec(UG),81107,,0.000  0.000,2008.115,,Lit.,,V0446 Gem,
80654,V0654 Aur,072910.71 +365838.6,XM,19.5,20.7,,V,,,0.104,,,80278 USNO,,,1985.8,,B1.0,AM,V0654 Aur,
160135,DM    Cap *,215411.13 -090121.7,NL,20.2,20.7,,*,,,,,pec(e),80030 GSC23,,,1987.784,,GSC2.3,CV,DM    Cap,
181198,V1198 Cas *,235558.93 +564029.6,EA,20.1,20.7,,r',51798.5229,,,,,80614 80614,,,1999.5,,Lit.,EA,V1198 Cas,
340309,OV    Dra *,125023.85 +665525.5,EA,19,20.7,,*,53407.55966,,0.0587357,6,pec(e),80030 USNO,,-0.026  0.001,2000,,SDSS,,OV    Dra,
360258,KY    Eri,031051.66 -075500.3,UGSU,15.6,20.7,,V,,,,,pec(UG),80027 80027,,,1993.726,,GSC2.3,,KY    Eri,
370078,AY    For,024234.82 -280244.0,EA+NL,18.4,20.7,,V,52577.4376,,0.0746,15,pec(e),80119 80125,,,1998.864,,2MASS,,AY    For,
710047,WY    Sge *,193243.86 +174454.7,N+UG+EA,5.4,20.7,,B,72494,1783,,,pec(e+cont),01372 09708,,,1950.544,,A2.0,,WY    Sge,
780256,KW    Tau *,034009.68 +231032.8,UV,14.1,20.7,,U,,,,,,05606 10031,,,1998.752,,2MASS,,KW    Tau,
780619,V0619 Tau *,034326.20 +260230.9,UV,15.5,20.7,,p,,,,,,10031 10031,,,1999.899,,2MASS,,V0619 Tau,
181203,V1203 Cas *,235611.77 +564555.6,EA/RS,20.05,20.62,20.2,r',51807.2607,,1.531,6,,80614 80614,,,1999.5,,Lit.,EA+RS,V1203 Cas,
110274,LZ    Cam,034744.96 +632825.1,EW,19.5,20.61,20.2,V,51871.186,,0.326171,,,78059 78059,,,1954.013,,A2.0,EC,LZ    Cam,
723018,V3018 Sgr,181926.46 -343133.6,M,14.6,20.6,,p,36810,,262,,Me,05869 GSC22,,,1996.645,,GSC2.2,,V3018 Sgr,
30142,DT    Aps,172247.73 -750956.2,UG,14.4,20.6,,p,,,,,,06960 72085,,,1980.411,,A2.0,UG,DT    Aps,
40319,PU    Aqr,204739.40 +000840.3,UG,17.76,20.6,,r,,,,,pec,80559,,,2006.78,,Lit.,UG,PU    Aqr,
40380,V0380 Aqr *,224200.07 -004222.2,RR(B),20,20.6,,r',,,0.364,,,81040 USNO,,,1988.607,,G23,,V0380 Aqr,
120107,CF    Cnc *,083834.   +191532. ,UV,14.4,20.6,,U,,,,,,70013,,,,,,UV,CF    Cnc,
181222,V1222 Cas *,235729.99 +565734.3,EA/RS,20.25,20.6,20.5,r',51801.1921,,0.902117,7,,80614 80614,,,1999.5,,Lit.,EA+RS,V1222 Cas,
200709,V0709 Cep,225809.12 +662112.4,N,12.63,20.6,,*,,,,,,77206 77207,,,2001.719,,Lit.,,V0709 Cep,
311528,V1528 Cyg,204853.88 +411252.0,UV,16.1,20.6,,U,,,,,,07753 USNO,,,1954.511,,A2.0,,V1528 Cyg,
311537,V1537 Cyg,205546.95 +434217.5,UVN,16.6,20.6,,U,,,,,,07753 USNO,,,1954.511,,A2.0,,V1537 Cyg,
400756,V0756 Her,171207.34 +424945.0,IA,19.4,20.6,,B,,,,,,08474 08474,,,1954.517,,A2.0,,V0756 Her,
400763,V0763 Her,171834.95 +421125.8,IA,19,20.6,,B,,,,,,08474 08474,,,1953.452,,A2.0,,V0763 Her,
592185,V2185 Oph,171530.59 -293046.1,M,17.2,20.6,,B,,,,,,67120 67120,,,1992.552,,GCVS,,V2185 Oph,
640132,DI    Phe,235420.45 -470020.7,EA+NL,18.6,20.6,,V,50360.6614,,0.065538,,pec(e),80524 80524,,,1984.121,,A2.0,,DI    Phe,
660260,LL    Psc *,232147.13 +001408.4,RR(B),19.8,20.6,,r',,,0.3486,,,81040 GSC23,,,1991.674,,G23,,LL    Psc,
780276,MN    Tau *,034336.57 +231234.3,UV,15.3,20.6,,U,,,,,,03924 10031,,-0.023,2000,,2MASS+pm,,MN    Tau,
181230,V1230 Cas *,235813.37 +564536.1,EA,20.4,20.58,20.46,r',51807.1193,,1.074,6,,80614 80614,,,1999.5,,Lit.,EA,V1230 Cas,
850509,V0509 Vel *,101752.85 -463407.0,EW,19.85,20.54,20.33,V,,,0.276216,,,80329 80329,,,1999.24,,2MASS,,V0509 Vel,
10243,IZ    And,010703.86 +424312.4,UG,15.4,20.5,,p,,,,,OB,N0086 72085,,,1989.76,,GSC2.2,UG,IZ    And,
260573,V0573 CrA,182334.05 -370745.0,M,13.8,20.5,,p,35960,,231.5,,,05869 03513,,,1987.375,,GSC,,V0573 CrA,
311698,V1698 Cyg,204452.   +434357. ,UV,14.3,20.5,,U,,,,,,8508,,,,,,,V1698 Cyg,
724171,V4171 Sgr,182341.42 -225928.4,NA,7.49,20.5,,V,,,,,,71168 71252,,,1992.783,,Lit.,,V4171 Sgr,
780763,V0763 Tau *,035058.16 +235542.9,UV,14.4,20.5,,U,,,,,,08564 10031,,,1997.824,,2MASS,,V0763 Tau,
10500,V0500 And *,004226.50 +421536.7,UGSU,14.5,20.5,,*,,,,,pec(UG),80233,,,2008.908,,Lit.,UGWZ,V0500 And,
51098,V1098 Aql,201048.99 +150744.5,M,15,20.5,,p,53597,,357.5,,,00001 04341,,,1998.726,,2MASS,M,V1098 Aql,
190009,Z     Cen *,133957.36 -313806.3,SNI,8,20.5,,p,13383,1895,,,pec(SN),02249 N0486,,,1895,,Lit.,SNI,Z     Cen,
340159,EP    Dra,190706.05 +690841.6,E+XM,17.6,20.5,,V,,,,,,71180 71180,,,1954.574,,A2.0,,EP    Dra,
591788,V1788 Oph,171734.33 -164413.7,M,15.8,20.5,,p,36700,,306,,,05455 GSC22,,,1988.536,,GSC2.2,,V1788 Oph,
721875,V1875 Sgr,182616.44 -345447.8,M,13.6,20.5,,p,30903,,281,,,02447 02447,,,1998.582,,2MASS,,V1875 Sgr,
780741,V0741 Tau *,034359.21 +223421.4,UV,16.1,20.5,,p,,,,,,08560 10031,,,1998.859,,2MASS,,V0741 Tau,
80805,V0805 Aur,062703.78 +395249.2,UGSU,12.2,20.5,,V,,,,,,81097 USNO,,0.000  0.000,1986.905,,G23,,V0805 Aur,
90314,PP    Boo,151414.07 +454913.0,NL,20.2,20.5,,g,,,,,pec(e),80030 79229,,,1953.203,,A2.0,CV,PP    Boo,
120079,AZ    Cnc *,084029.69 +182408.6,UV,14.1,20.5,,U,,,,,M6.5Ve,03924 2MASS,,-1.267,2000,,2MASS+pm,UV,AZ    Cnc,
200336,V0336 Cep,204702.73 +671953.6,UV,17,20.5,,p,,,,,,08241 08241,,,1999.739,?,2MASS,,V0336 Cep,
250187,FX    Com,124427.   +293936. ,RR,19.7,20.5,,p,,,,,,5378,,,,,,,FX    Com,
250192,GI    Com,123336.51 +280641.3,UV,14.1,20.5,,p,,,,,,06337 06337,,,1950.276,,A2.0,,GI    Com,
311522,V1522 Cyg,204153.10 +401402.9,UV,17.9,20.5,,B,,,,,,07498 USNO,,,1953.452,,A2.0,,V1522 Cyg,
311529,V1529 Cyg,205046.29 +415754.0,UV,14.1,20.5,,p,,,,,,07753 2MASS,,,2000.447,,2MASS,,V1529 Cyg,
311603,V1603 Cyg,205307.05 +423726.6,UV,15.4,20.5,,p,,,,,,07948 2MASS,,,2000.395,,2MASS,,V1603 Cyg,
311604,V1604 Cyg,205530.75 +433448.5,UVN,16.8,20.5,,U,,,,,,07948 2MASS,,,2000.398,,2MASS,,V1604 Cyg,
311612,V1612 Cyg,210333.30 +411128.0,UV,16.2,20.5,,p,,,,,,07948 2MASS,,,2000.379,,2MASS,,V1612 Cyg,
311709,V1709 Cyg,205321.   +450425. ,UVN,16.3,20.5,,U,,,,,,8508,,,,,,,V1709 Cyg,
370041,VW    For,025251.27 -303743.4,AM,19.5,20.5,,p,,,,,,73015 73015,,,1978.815,,GCVS,,VW    For,
380213,HM    Gem,060308.82 +251448.4,UG,16.5,20.5,,p,,,,,,04341 04341,,,1954.895,,A2.0,,HM    Gem,
400333,QY    Her,184609.66 +123750.0,M,13.7,20.5,,p,30207,,244,,,00164 02368,,,1982.381,,GSC,,QY    Her,
400356,V0356 Her,184159.32 +130754.2,M,13.8,20.5,,p,30080,,300,,,00164 02367,,,1950.541,,A2.0,,V0356 Her,
400762,V0762 Her,171835.33 +414159.0,IA,19.5,20.5,,B,,,,,,08474 08474,,,1953.452,,A2.0,,V0762 Her,
600979,V0979 Ori *,053437.78 -041928.1,UVN,15.8,20.5,,p,,,,,,09482 09482,,,1955.88,,A2.0,,V0979 Ori,
602828,V2828 Ori,061959.93 +192658.8,NL,14.5,20.5,,B,,,,,,81096 USNO,,0.000  0.000,1996.123,,G23,,V2828 Ori,
650034,UU    Pic,051425.56 -525351.9,NL,19.5,20.5,,p,,,,,,73015 73015,,,1976.825,,A2.0,,UU    Pic,
680662,V0662 Pup *,072650.57 -474526.7,EW,20.1,20.5,20.5,V,48656.7105,,0.2386,,,80277 80277,,,1980.143,,A2.0,,V0662 Pup,
780455,V0455 Tau *,034721.60 +222211.5,UV,14,20.5,,U,,,,,,10031 10031,,,1997.824,,2MASS,,V0455 Tau,
780463,V0463 Tau *,034845.35 +243726.5,UV,14.8,20.5,,p,,,,,,05928 10031,,,1997.882,,2MASS,,V0463 Tau,
780489,V0489 Tau *,033942.71 +235427.9,UV,14.2,20.5,,U,,,,,,10031 06395,,,1998.752,,2MASS,,V0489 Tau,
780510,V0510 Tau *,034318.53 +233409.2,UV,14.2,20.5,,U,,,,,,06397 10031,,,1998.752,,2MASS,,V0510 Tau,
780528,V0528 Tau *,034623.46 +240151.4,UV,13.3,20.5,,U,,,,,,06397 10031,,,1998.889,,2MASS,,V0528 Tau,
780607,V0607 Tau *,034043.46 +221507.1,UV,15,20.5,,p,,,,,,06893 10031,,,1998.752,,2MASS,,V0607 Tau,
780611,V0611 Tau *,034231.20 +244921.6,UV,16.3,20.5,,p,,,,,,06893 10031,,,1999.842,,2MASS,,V0611 Tau,
780792,V0792 Tau *,034735.   +245113. ,UV,13.4,20.5,,U,,,,,,8796,,,,,,,V0792 Tau,
780795,V0795 Tau *,034831.99 +240448.1,UV,14.5,20.5,,U,,,,,,08796 10031,,0.263,2000,,Lit.,,V0795 Tau,
780829,V0829 Tau,043252.2  +263505. ,UV,15,20.5,,p,,,,,,67324,,,,?,GCVS,,V0829 Tau,
780894,V0894 Tau,042411.   +225453. ,UV,16.3,20.5,,p,,,,,,68260,,,,,,,V0894 Tau,
810258,KY    TrA *,152816.91 -615257.8,XND,17.5,20.5,,B,,,,,,08544 08544,,,1975.435,,GCVS,,KY    TrA,
731103,V1103 Sco,170549.36 -362603.1,EW,19.7,20.45,,V,,,,,,75241 75241,,,1996.5,,Lit.,,V1103 Sco,
60821,V0821 Ara *,170249.40 -484723.1,XF,15.4,20.4,,V,,,,,pec(e),N0023 N0022,,,1979.93,,A2.0,Xlm,V0821 Ara,
591353,V1353 Oph,170600.56 -215741.0,M,17.4,20.4,,p,35600,,,,Me,05455 GSC,,,1987.578,,GSC,,V1353 Oph,
591889,V1889 Oph *,172013.55 -213037.2,M,17.8,20.4,,p,35674,,196,,,05455 USNO,,,1980.896,,A2.0,,V1889 Oph,
721336,V1336 Sgr,180214.32 -295651.4,M,17.2,20.4,,p,31708,,258,,,01680 01680,,,1998.621,,2MASS,,V1336 Sgr,
90039,UZ    Boo,144401.24 +220054.6,UG,11,20.4,,V,,,-2191,,,N0054 72085,,,1992.193,,GSC2.3,UGWZ,UZ    Boo,
190812,V0812 Cen,131354.23 -574045.9,NB,11,20.4,,V,41796,1973,,,pec(Nova),08231 08231,,,1993.347,,GCVS,N,V0812 Cen,
270097,BT    CrB,155656.95 +352336.6,EA,18.9,20.4,,V,53193.859,,0.0892,,pec(e),80405 USNO,,,1994.368,,GSC2.3,,BT    CrB,
390094,BQ    Gru,213330.47 -450953.1,RR,19.6,20.4,,B,,,,,,68127 68127,,,1984.159,,A2.0,,BQ    Gru,
400766,V0766 Her,172142.15 +424432.9,IA,19.3,20.4,,B,,,,,,08474 08474,,,1953.452,,A2.0,,V0766 Her,
540088,BK    Mic,212710.00 -444356.1,RR,19.6,20.4,,B,,,,,,68127 68127,,,1993.611,,GCVS,,BK    Mic,
591453,V1453 Oph,170852.76 -190108.8,E/SD,17.4,20.4,,p,35632.903,,4.17502,,,05455 USNO,,,1954.405,,A2.0,,V1453 Oph,
591648,V1648 Oph,171356.70 -205506.0,E,18.6,20.4,,p,35960.916,,,,,05455 USNO,,,1954.585,,A2.0,,V1648 Oph,
591691,V1691 Oph,171514.17 -215212.8,SRB,18.6,20.4,,p,,,,,,05455 USNO,,,1980.896,,A2.0,,V1691 Oph,
591743,V1743 Oph,171630.46 -172332.8,SR,18.4,20.4,,p,35960,,,,M2,05455 GSC22,,,1988.536,,GSC2.2,,V1743 Oph,
592153,V2153 Oph,171345.09 -290908.5,M,17.3,20.4,,B,,,,,,67120 67120,,,1997.321,,GSC2.2,,V2153 Oph,
592195,V2195 Oph,171608.99 -291407.8,RRAB,17.9,20.4,,B,,,,,,67120 67120,,,1997.321,,GSC2.2,,V2195 Oph,
601081,V1081 Ori *,053830.05 -061254.0,UVN,16,20.4,,p,,,,,,08778 08778,,,1955.88,,A2.0,,V1081 Ori,
601092,V1092 Ori,053036.60 -043738.5,UVN,15.4,20.4,,p,,,,,,67146 67146,,,1955.957,,A2.0,,V1092 Ori,
780847,V0847 Tau,034351.75 +241416.1,UV,15,20.4,,p,,,,,,68239 68236,,,2000.732,,2MASS,,V0847 Tau,
800028,TU    Tri,013915.73 +312415.0,UGSU,14.8,20.4,,p,,,,,,08475 08475,,,1977.5,,B1.0,,TU    Tri,
850387,V0387 Vel,083547.74 -404044.1,IN,18.92,20.4,,V,,,,,,77072 77072,,,1999.157,,2MASS,,V0387 Vel,
860558,V0558 Vir,142701.59 -012310.3,AM,15.1,20.4,,R,,,,,pec(e),80400 SDSS,,-0.026  0.025,2000,,SDSS,,V0558 Vir,
591134,V1134 Oph,165706.16 -201748.5,M,16.5,20.3,,p,36740,,252,,,05455 USNO,,,1980.934,,A2.0,,V1134 Oph,
591454,V1454 Oph,170859.34 -214129.0,M,17.4,20.3,,p,35690,,,,,05455 USNO,,,1980.896,,A2.0,,V1454 Oph,
592007,V2007 Oph,172323.79 -221330.9,M,16,20.3,,p,35642,,310,,,05455 USNO,,,1980.86,,A2.0,,V2007 Oph,
830427,V0427 UMa,135642.41 +613024.3,UG,15.5,20.3,,CV,,,,,,81155 USNO,,0.000  0.000,1996.149,,G23,,V0427 UMa,
10225,HY    And *,004232.24 +414015.4,UV,18.2,20.3,,B,,,,,,N0082 07737,#NULL!,,1998.895,,2MASS,UV,HY    And,
400755,V0755 Her,171202.78 +441337.0,IA,19.4,20.3,,B,,,,,,08474 08474,,,1954.517,,A2.0,,V0755 Her,
400765,V0765 Her,172037.18 +442123.1,IA,19.5,20.3,,B,,,,,,08474 08474,,,1953.452,,A2.0,,V0765 Her,
420406,V0406 Hya,090554.75 -053608.3,NL,16.5,20.3,,V,,,,,,78123 USNO,,,1977.4,,B1.0,,V0406 Hya,
530049,XX    Men *,045035.29 -841151.7,RRAB,19.3,20.3,,B,42403.121,,0.52855,23,,07982 07982,,,1983.409,,A2.0,,XX    Men,
550666,V0666 Mon,063943.01 +091027.3,UV,15.8,20.3,,p,,,,,,68294 68294,,,1951.916,?,A2.0,,V0666 Mon,
590517,V0517 Oph *,171519.73 -290537.3,LB,12.6,20.3,,B,,,,,C(R0),00262 00262,,,1997.321,,GSC2.2,,V0517 Oph,
591175,V1175 Oph,165929.88 -214727.9,E/SD,18.8,20.3,,p,35635.916,,0.986       /N,,,05455 USNO,,,1980.934,,A2.0,,V1175 Oph,
591194,V1194 Oph,170021.12 -215122.2,E/SD,17.6,20.3,,p,36760.792,,8.           /N,,,05455 USNO,,,1980.934,,A2.0,,V1194 Oph,
591734,V1734 Oph,171618.95 -172336.8,M,13.6,20.3,,p,35620,,260.1,,M3-M8,00001 00551,,,1954.585,,A2.0,,V1734 Oph,
592158,V2158 Oph,171358.08 -294725.7,RRAB,18.4,20.3,,B,,,,,,67120 67120,,,1987.697,?,GSC2.2,,V2158 Oph,
592160,V2160 Oph,171419.24 -291942.3,M,17.2,20.3,,B,,,,,,67120 67120,,,1997.321,,GSC2.2,,V2160 Oph,
760417,V0417 Ser,151407.68 -012607.3,RRAB,19.1,20.3,,V,51621.8781,,0.545916,,,80159 USNO,,,1955.3,,A2.0,,V0417 Ser,
860508,V0508 Vir,135342.52 -001709.1,RRAB,19.3,20.3,,V,51579.9155,,0.550159,,,80159 USNO,,,1952.08,,A2.0,,V0508 Vir,
430099,BV    Hyi,034207.68 -715132.7,RR,19.63,20.29,,B,,,,,,72082 72082,,,1980.379,,A2.0,,BV    Hyi,
850385,V0385 Vel,083540.66 -403836.4,IN,19.78,20.22,,V,,,,,,77072 77072,,,1999.157,,2MASS,,V0385 Vel,
490182,FS    Lib *,160023.74 -122057.5,M,15.1,20.2,,p,36685,,415,,M8.1-M9.0,03519 GSC,,,1983.061,,GSC,,FS    Lib,
591181,V1181 Oph,165929.22 -184104.5,M,15.1,20.2,,p,36700,,,,,05455 USNO,,,1980.934,,A2.0,,V1181 Oph,
591302,V1302 Oph,170430.06 -221010.5,SRA,19.1,20.2,,p,,,,,,05455 GSC22,,,1996.544,,GSC2.2,,V1302 Oph,
591326,V1326 Oph,170502.29 -185930.0,UG,17.9,20.2,,p,,,-20,,,05455 GSC22,,,1996.544,,GSC2.2,,V1326 Oph,
591701,V1701 Oph,171525.24 -204104.2,M,15.3,20.2,,p,36670,,298,,M5-M9.5,05455 USNO,,,1980.896,,A2.0,,V1701 Oph,
591958,V1958 Oph,172200.32 -210724.0,M,17.3,20.2,,p,,,,,,05455 USNO,,,1954.585,,A2.0,,V1958 Oph,
592001,V2001 Oph,172304.91 -203010.3,M,16.9,20.2,,p,36740,,,,,05455 USNO,,,1980.86,,A2.0,,V2001 Oph,
10267,LS    And *,003210.22 +415811.6,NA,11.7,20.2,,B,41188,1971,,,,67003 72118,#NULL!,,1953.775,,A2.0,N,LS    And,
40228,IK    Aqr,222543.74 -111340.5,BLLAC,19.1,20.2,,p,,,,,pec(BL),04033 76005,,,1954.654,,A2.0,BLLac,IK    Aqr,
40369,V0369 Aqr *,212629.39 -002054.0,RR(B),19.7,20.2,,r',,,0.439661,,,81040 USNO,,,1989.712,,G23,,V0369 Aqr,
181196,V1196 Cas *,235518.41 +564314.3,EA/RS,19.92,20.2,20.2,r',51800.6104,,0.904404,,,80614 80614,,,1999.5,,Lit.,EA+RS,V1196 Cas,
181221,V1221 Cas *,235725.22 +563437.0,EW,19.49,20.2,19.95,V,,,0.2789,,,80004 80004,,,1952.953,,A2.0,EC,V1221 Cas,
250183,FT    Com,123047.   +292227. ,RR,19.5,20.2,,p,,,,,,5378,,,,,,,FT    Com,
250186,FW    Com,124315.   +281735. ,RR,19,20.2,,p,,,,,,5378,,,,,,,FW    Com,
311590,V1590 Cyg,204318.10 +401820.9,UV,16.6,20.2,,p,,,,,,07948 USNO,,,1953.452,,A2.0,,V1590 Cyg,
312070,V2070 Cyg,212640.08 +521908.1,LB,19.1,20.2,,B,,,,,,73134 73134,,,1991.762,,GCVS,,V2070 Cyg,
470053,YZ    LMi *,092638.74 +362402.4,EA,19.2,20.2,19.3,g',53473.72539,,0.01966,2,pec(e),80320 USNO,,,1998.305,,GSC2.3,,YZ    LMi,
530048,WZ    Men *,044911.17 -834503.1,RRAB,19.3,20.2,,B,42402.885,,0.51386,26,,07982 07982,,,1983.409,,A2.0,,WZ    Men,
550616,V0616 Mon *,062244.54 -002044.0,XND+ELL,11.26,20.2,,B,,,,,pec(cont-e)+K5-7V,08693 09457,,,1955.883,,A2.0,,V0616 Mon,
592144,V2144 Oph,171254.97 -291256.8,M,17.3,20.2,,B,,,,,,67120 67120,,,1997.321,,GSC2.2,,V2144 Oph,
600777,V0777 Ori *,053454.90 -042724.5,UVN,15.8,20.2,,U,,,,,,05573 05573,,,1955.88,,A2.0,,V0777 Ori,
601125,V1125 Ori,053548.39 -061736.1,UVN,11.9,20.2,,U,,,,,,67150 USNO,,,1955.88,,A2.0,,V1125 Ori,
723711,V3711 Sgr,183921.56 -323555.7,RRAB,17.4,20.2,,p,35632.884,,0.47197,17,,05869 GSC22,,,1996.688,,GSC2.2,,V3711 Sgr,
760452,V0452 Ser,153439.16 -002615.3,RRAB,18.9,20.2,,V,51257.8988,,0.636913,,,80159 USNO,,,1950.462,,A2.0,,V0452 Ser,
780298,NW    Tau *,034447.32 +240037.9,UV,17.5,20.2,,U,,,,,M,03924 10031,,,1999.962,,2MASS,,NW    Tau,
780302,OO    Tau *,034513.41 +233100.9,UV,14.1,20.2,,U,,,,,,05606 10031,,,1998.859,,2MASS,,OO    Tau,
780356,V0356 Tau *,034911.03 +242051.4,UV,13.1,20.2,,U,,,,,M3,10031 07328,,,2000.023,,2MASS,,V0356 Tau,
780639,V0639 Tau *,034609.59 +224237.4,UV,15.2,20.2,,p,,,,,,06893 10031,,,1998.881,,2MASS,,V0639 Tau,
780748,V0748 Tau *,034558.60 +221956.5,UV,16.2,20.2,,p,,,,,,08554 10031,,,1989.959,,GSC2.2,,V0748 Tau,
780853,V0853 Tau,034512.43 +224151.1,UV,14.9,20.2,,U,,,,,,68241 68241,,,1998.859,,2MASS,,V0853 Tau,
830067,AN    UMa *,110425.65 +450313.8,E+XRM,14.9,20.2,,B,42891.397,,0.0797522,,pec(e+cont),09871 09472,,-0.062,2000,,NPM,,AN    UMa,
860548,V0548 Vir,142006.48 -010104.1,RRAB,19.2,20.2,,V,51338.6598,,0.545176,15,,80159 USNO,,,1955.39,,A2.0,,V0548 Vir,
520774,V0774 Lyr,191511.82 +404910.5,EW,19.31,20.15,20.1,*,55275.6128,,0.2402,,,81247 81247,,,1951.672,,A20,,V0774 Lyr,
180220,HT    Cas *,011012.96 +600436.3,UGSU+EA,10.7,20.12,,V,43727.93729,,0.073647203,10,pec(UG)+M5,N0344 72085,,,1952.71,,A2.0,UGSU+EA,HT    Cas,
401449,V1449 Her,183556.28 +222640.0,UG,16.1,20.1,,*,,,,,pec(UG),81238 81238,,,1990.568,,G23,,V1449 Her,
591195,V1195 Oph *,170021.67 -205333.5,NR,16.3,20.1,,p,36888,1959,-1051,,,05455 10203,,,1976.478,,GCVS,,V1195 Oph,
591744,V1744 Oph *,171638.90 -204952.9,M,17.3,20.1,,p,35960,,244.5,,,05455 USNO,,,1954.585,,A2.0,,V1744 Oph,
591848,V1848 Oph,171911.66 -193747.2,M,17.5,20.1,,p,35960,,,,M7,05455 09473,,,1980.896,,A2.0,,V1848 Oph,
120116,CP    Cnc *,084322.   +191204. ,UV,16.4,20.1,,p,,,,,,70013,,,,,,UV,CP    Cnc,
210216,HP    Cet,023322.59 +005100.3,NL,19.4,20.1,,V,,,,,pec(e),80119 USNO,,,1984.5,,B1.0,,HP    Cet,
270036,UW    CrB,160545.87 +255145.8,X+E,18.87,20.1,,R,,,,,,71136 71137,,,1950.369,,A2.0,,UW    CrB,
400758,V0758 Her,171413.94 +440725.3,IA,18.9,20.1,,B,,,,,,08474 08474,,,1954.517,,A2.0,,V0758 Her,
400760,V0760 Her,171721.30 +422428.3,IA,19.2,20.1,,B,,,,,,08474 08474,,,1954.517,,A2.0,,V0760 Her,
400764,V0764 Her,172004.84 +414743.9,IA,18.7,20.1,,B,,,,,,08474 08474,,,1953.452,,A2.0,,V0764 Her,
490283,MU    Lib,145637.85 -005623.0,RRAB,18.7,20.1,,V,51618.7483,,0.568229,13,,80159 USNO,,,1957.323,,A2.0,,MU    Lib,
490308,OU    Lib,151008.94 -005829.3,RRAB,18.7,20.1,,V,51612.8382,,0.480064,11,,80159 USNO,,,1955.3,,A2.0,,OU    Lib,
490362,V0362 Lib,144341.90 -175549.5,UGSU,13.6,20.1,,CV,,,,,,81181 USNO,,0.000  0.000,1994.186,,G23,,V0362 Lib,
520767,V0767 Lyr,191357.68 +404508.9,EW,19.47,20.1,20.04,*,55275.5533,,0.23632,,,81247 81247,,,1951.672,,A20,,V0767 Lyr,
530047,WY    Men *,043233.72 -835355.3,RRC,19.6,20.1,,B,42402.871,,0.36218,45,,07982 07982,,,1983.409,,A2.0,,WY    Men,
592189,V2189 Oph,171548.27 -285735.0,RRAB,18.4,20.1,,B,,,,,,67120 67120,,,1997.321,,GSC2.2,,V2189 Oph,
592200,V2200 Oph,171630.42 -294555.2,RRAB,18.2,20.1,,B,,,,,,67120 67120,,,1986.342,,GCVS,,V2200 Oph,
601186,V1186 Ori,053809.35 -064145.3,UVN,15.9,20.1,,p,,,,,,68178 68178,,,1955.88,,A2.0,,V1186 Ori,
760453,V0453 Ser,153452.69 -014016.8,RRAB,19.2,20.1,,V,51612.8728,,0.540028,11,,80159 USNO,,,1950.462,,A2.0,,V0453 Ser,
760481,V0481 Ser,155117.05 -013705.7,RRAB,18.9,20.1,,V,51999.9187,,0.496769,13,,80159 G2.3,,,1992.426,,GSC2.3,,V0481 Ser,
780319,PU    Tau *,034650.08 +233156.4,UV,16,20.1,,U,,,,,,05520 10031,,,1998.881,,2MASS,,PU    Tau,
780742,V0742 Tau *,034433.06 +254509.8,UV,14.1,20.1,,U,,,,,,10031 10031,,,1999.902,,2MASS,,V0742 Tau,
780791,V0791 Tau *,034733.05 +253818.7,UV,16.5,20.1,,p,,,,,,08794 10031,,,1998.889,,2MASS,,V0791 Tau,
860595,V0595 Vir,144550.20 -021349.6,RRAB,18.6,20.1,,V,51236.8331,,0.50238,15,,80159 USNO,,,1957.323,,A2.0,,V0595 Vir,
850386,V0386 Vel,083545.09 -403720.6,IN,19.66,20.07,,V,,,,,,77072 77072,,,1999.157,,2MASS,,V0386 Vel,
430101,BX    Hyi,034516.44 -715537.2,RRC,19.1,20.06,,B,,,,,,72082 72082,,,1980.379,,A2.0,,BX    Hyi,
10744,V0744 And *,012940.06 +384210.5,AM,15.13,20.05,,g,,,,,pec(e),81037,,0.001  0.005,2000,,SDSS,,V0744 And,
850511,V0511 Vel *,101832.05 -463732.7,EW,19.61,20.03,20,V,,,0.33248,,,80329 80329,,,1980.127,,A2.0,,V0511 Vel,
520515,V0515 Lyr,192033.37 +374816.3,EA,19.45,20.02,,V,,,,,,73191 73191,,,1988.523,,GCVS,,V0515 Lyr,
700033,TZ    Ret,043702.11 -590352.8,RRAB,18.31,20.01,,B,,,,,,73278 73278,,,1983.04,,A2.0,,TZ    Ret,
