ID,Name,RA,DEC,Type,Redshift,Host Name,Host Redshift,Discovering Group/s,Classifying Group/s,Associated Group/s,Disc. Internal Name,Disc. Instrument/s,Class. Instrument/s,TNS AT,Public,End Prop. Period,Discovery Mag,Discovery Mag Filter,Discovery Date (UT),Sender,Ext. catalog/s,SDSS_host_objid,SDSS_host_type,SDSS_host_offset,SDSS_host_redshift,SDSS_host_ra,SDSS_host_dec,SDSS_host_u,SDSS_host_g,SDSS_host_r,SDSS_host_i,SDSS_host_z,SDSS_galaxy_objid,SDSS_galaxy_type,SDSS_galaxy_offset,SDSS_galaxy_redshift,SDSS_galaxy_ra,SDSS_galaxy_dec,SDSS_galaxy_u,SDSS_galaxy_g,SDSS_galaxy_r,SDSS_galaxy_i,SDSS_galaxy_z
26624,SN 2018bui,215.18192,13.69576,SN II,0.02,KUG 1418+139,0.020339,"ASAS-SN, ATLAS",ePESSTO,ASAS-SN; ATLAS,ASASSN-18kr,"ASASSN-3 - Paczynski, ATLAS1 - ACAM1",ESO-NTT - EFOSC2-NTT,1,1,,17.9,g-Sloan,2018-05-18 03:21:36,Stanek,,,,,,,,,,,,,1237662637975207949,3,0.162458932791404,0.018002,215.179156724881,13.6961117489007,16.42517,15.35896,15.0454,14.88777,14.77933
26605,SN 2018btp,210.149,-7.73504,SN Ia,0.076,,,ATLAS,ePESSTO,ATLAS,ATLAS18pkq,ATLAS1 - ACAM1,ESO-NTT - EFOSC2-NTT,1,1,,19.083,orange-ATLAS,2018-05-14 11:08:09,ATLAS_Bot1,,1237671992419745945,3,0.0979669237327872,0.080214,210.147401711547,-7.73464285478559,18.78298,16.60694,15.67673,15.2535,14.90403,1237671992419745945,3,0.0979669237327872,0.080214,210.147401711547,-7.73464285478559,18.78298,16.60694,15.67673,15.2535,14.90403
26581,SN 2018bsr,291.91083,61.94683,SN Ia,,VII Zw 884,,ASAS-SN,ASAS-SN,ASAS-SN,ASASSN-18kl,ASASSN-4 - Leavitt,LT - SPRAT,1,1,,17.2,g-Sloan,2018-05-16 07:40:48,Stanek,,1237671939274375496,3,0.0334202245435567,0.034245,291.911530914356,61.9472789949972,18.04724,16.37993,15.68398,15.31369,14.97725,1237671939274375496,3,0.0334202245435567,0.034245,291.911530914356,61.9472789949972,18.04724,16.37993,15.68398,15.31369,14.97725
26598,SN 2018bti,217.12921,37.06777,SN II,0.024826,,,ATLAS,Global SN Project,ATLAS,ATLAS18piz,ATLAS1 - ACAM1,FTN - FLOYDS-N,1,1,,18.944,orange-ATLAS,2018-05-16 11:31:12,ATLAS_Bot1,,1237662305653555301,3,0.0175500309841951,0.032457,217.128856402032,37.0678471453177,18.09976,16.96095,16.52542,16.29518,16.05625,1237662305653555301,3,0.0175500309841951,0.032457,217.128856402032,37.0678471453177,18.09976,16.96095,16.52542,16.29518,16.05625
26580,SN 2018bsq,248.92817,4.82591,SN Ia,0.06,,,"ATLAS, Pan-STARRS1",ePESSTO,ATLAS; Pan-STARRS1,ATLAS18pda,"ATLAS1 - ACAM1, PS1 - GPC1",ESO-NTT - EFOSC2-NTT,1,1,,19.019,orange-ATLAS,2018-05-08 13:12:00,ATLAS_Bot1,,1237662198293005502,3,0.0521462104156457,0.102082,248.929042193669,4.82591178744067,21.75774,20.09813,19.58306,19.40354,19.22691,1237662198293005502,3,0.0521462104156457,0.102082,248.929042193669,4.82591178744067,21.75774,20.09813,19.58306,19.40354,19.22691
26650,SN 2018bvi,213.57675,10.67821,SN Ib,0.02417,SDSS J141418.24+104039.0  ,0.02417,ASAS-SN,Global SN Project,ASAS-SN,ASASSN-18ky,"ASASSN-3 - Paczynski, ASASSN-1 - Brutus",FTN - FLOYDS-N,1,1,,17.6,V-Johnson,2018-05-20 08:52:48,Stanek,,1237662198814343328,3,0.0588660593123986,0.025562,213.576040586855,10.6775196595523,17.90862,16.78251,16.34556,16.13886,15.92727,1237662198814343328,3,0.0588660593123986,0.025562,213.576040586855,10.6775196595523,17.90862,16.78251,16.34556,16.13886,15.92727
26577,SN 2018bsn,224.3695,5.84253,SN Ia,0.059,2MASX J14572815+0550375,0.059,"TNTS, ATLAS, LOSS, ZTF",TNTS,ATLAS; LOSS; TNTS; ZTF,,"BAO-0.6m - BATC, ATLAS1 - ACAM1, Other - Other, P48 - ZTF-Cam",Lijiang-2.4m - YFOSC,1,1,,18.6,Clear-,2018-05-14 18:00:00,Li,,,,,,,,,,,,,1237655744018579649,3,0.14992534394267,0.039814,224.367402537693,5.84390478346457,17.81327,15.87806,15.05397,14.64639,14.32605
26585,AT 2018bsv,257.236,27.39807,Galaxy,0.106,,,ZTF,ePESSTO,ZTF,ZTF18aarqliy,P48 - ZTF-Cam,ESO-NTT - EFOSC2-NTT,1,1,,18.33,r-ZTF,2018-04-24 10:29:16,ZTF_Bot1,,1237661388696715885,3,0.00524818537821266,0.072028,257.235948591142,27.398144617247,19.21676,17.21658,16.30145,15.89216,15.58177,1237661388696715885,3,0.00524818537821266,0.072028,257.235948591142,27.398144617247,19.21676,17.21658,16.30145,15.89216,15.58177
26599,SN 2018btj,249.24025,63.96993,SN Ia,0.0632,,,ATLAS,Global SN Project,ATLAS,ATLAS18pje,ATLAS1 - ACAM1,FTN - FLOYDS-N,1,1,,18.67,cyan-ATLAS,2018-05-18 11:35:31,ATLAS_Bot1,,1237671940876665112,3,0.0727804208552212,0.050362,249.243013975599,63.9699183451049,23.90625,20.8244,20.50433,20.44112,20.77806,1237671940876665112,3,0.0727804208552212,0.050362,249.243013975599,63.9699183451049,23.90625,20.8244,20.50433,20.44112,20.77806
26569,SN 2018bsg,152.61712,2.23049,SN IIb,0.0217,UGC 05487,0.021686,ASAS-SN,ePESSTO,ASAS-SN,ASASSN-18ke,ASASSN-5 - Payne-Gaposchkin,ESO-NTT - EFOSC2-NTT,1,1,,17.9,g-Sloan,2018-05-15 18:00:00,Stanek,,1237651753998352559,6,0.0425921033485376,0,152.616553355382,2.23006184900665,21.95307,21.40727,20.99095,21.21075,21.25437,1237651753998352567,3,0.58145493798949,0.002597,152.608558308841,2.22593784691472,22.12225,21.63588,21.57726,22.04514,22.82704
26505,SN 2018bqi,113.31633,-11.23403,SN Ia,0.032,,,ATLAS,ePESSTO,ATLAS,ATLAS18ovo,ATLAS1 - ACAM1,ESO-NTT - EFOSC2-NTT,1,1,,17.86,orange-ATLAS,2018-05-14 05:47:02,ATLAS_Bot1,,,,,,,,,,,,,1237676485490117747,3,1.44239376771675,0.359707,113.32463670211,-11.2566472360084,26.39819,25.05277,21.65284,20.40174,19.98681
26258,AT 2018biy,251.77379,-7.31558,Varstar,,,,"ATLAS, Pan-STARRS1",ePESSTO,ATLAS; Pan-STARRS1,ATLAS18ofx,"ATLAS1 - ACAM1, PS1 - GPC1",ESO-NTT - EFOSC2-NTT,1,1,,18.139,orange-ATLAS,2018-05-08 13:22:04,ATLAS_Bot1,,1237668650931650787,3,0.0463961288457931,0.007601,251.773381968518,-7.31492109621664,25.84639,25.12143,22.95969,24.55067,22.8186,1237668650931650787,3,0.0463961288457931,0.007601,251.773381968518,-7.31492109621664,25.84639,25.12143,22.95969,24.55067,22.8186
26244,SN 2018bil,167.45933,28.97138,SN Ia,0.032,,,ZTF,ePESSTO,ZTF,ZTF18aarcypa,P48 - ZTF-Cam,ESO-NTT - EFOSC2-NTT,1,1,,18.89,r-ZTF,2018-05-07 04:30:43,ZTF_Bot1,,1237667211596464313,3,0.0133027848320792,0.03884,167.459578688023,28.971337326926,17.61127,15.72726,14.92329,14.54517,14.26085,1237667211596464313,3,0.0133027848320792,0.03884,167.459578688023,28.971337326926,17.61127,15.72726,14.92329,14.54517,14.26085
26209,SN 2018bhc,251.60537,25.42146,SN Ia,0.056,,,"GaiaAlerts, ATLAS",ePESSTO,ATLAS; GaiaAlerts,Gaia18bek,"Gaia - Gaia-photometric, ATLAS1 - ACAM1",ESO-NTT - EFOSC2-NTT,1,1,,17.8,G-Gaia,2018-05-07 18:31:40,Gaia_Bot1,,1237662474235216266,3,0.00340716402888975,0.075588,251.605431802545,25.4214704381127,19.76712,18.04527,17.19778,16.77378,16.44994,1237662474235216266,3,0.00340716402888975,0.075588,251.605431802545,25.4214704381127,19.76712,18.04527,17.19778,16.77378,16.44994
26226,SN 2018bht,246.62421,17.32059,SN Ia,0.09,,,ATLAS,ePESSTO,ATLAS,ATLAS18oas,ATLAS1 - ACAM1,ESO-NTT - EFOSC2-NTT,1,1,,19.313,orange-ATLAS,2018-05-09 13:12:00,ATLAS_Bot1,,1237665536544539059,3,0.0283358130682521,0.124297,246.62373284168,17.3204653673194,21.10047,19.34555,18.40186,17.88568,17.45621,1237665536544539059,3,0.0283358130682521,0.124297,246.62373284168,17.3204653673194,21.10047,19.34555,18.40186,17.88568,17.45621
26208,SN 2018bhb,231.85508,-0.44789,SN Ia,0.053,CGCG 021-098  ,0.053,"PTSS, ATLAS","PTSS, ePESSTO",ATLAS; PTSS,PTSS-18ecg,"CNEOST - STA1600, ATLAS1 - ACAM1","Lijiang-2.4m - YFOSC, ESO-NTT - EFOSC2-NTT",1,1,,17.9,r-Sloan,2018-05-08 17:15:21,Li,,1237648720716562648,6,0.0163243788634815,0,231.855278031109,-0.447703426201814,25.50277,24.07784,22.05728,21.14067,20.3789,1237648720716562641,3,0.254181488907431,0.039342,231.853275418992,-0.44405719227665,17.7297,16.14879,15.28829,14.81746,14.43755
26237,SN 2018bie,188.93471,-0.22111,SN Ia-91T-like,0.022,,,ATLAS,ePESSTO,ATLAS,ATLAS18odq,ATLAS1 - ACAM1,ESO-NTT - EFOSC2-NTT,1,1,,18.281,orange-ATLAS,2018-05-10 09:43:12,ATLAS_Bot1,,,,,,,,,,,,,1237648704042631185,3,0.237593050418377,0.025069,188.931808117352,-0.223804417694058,17.5411,16.21349,15.74124,15.50862,15.31433
26222,SN 2018bhp,224.76904,19.5872,SN Ia,0.054,,,ATLAS,ePESSTO,ATLAS,ATLAS18oav,ATLAS1 - ACAM1,ESO-NTT - EFOSC2-NTT,1,1,,18.25,orange-ATLAS,2018-05-09 11:55:40,ATLAS_Bot1,,1237665566074470565,6,0.00283907320231185,0,224.769072916598,19.587235738653,22.12241,25.11438,24.31181,24.3618,22.8269,1237665566074470519,3,0.10180659781138,0.043446,224.767242185777,19.5873008241702,17.32492,15.48797,14.62523,14.23141,13.90107
26225,SN 2018bhs,248.56567,26.88957,SN Ia,0.07,,,ATLAS,ePESSTO,ATLAS,ATLAS18oat,ATLAS1 - ACAM1,ESO-NTT - EFOSC2-NTT,1,1,,19.164,orange-ATLAS,2018-05-09 13:03:21,ATLAS_Bot1,,1237661465455428438,3,0.0737701549368743,0.420973,248.564605565537,26.8903512949652,24.55909,23.15154,21.65093,20.99854,20.69531,1237661465455428438,3,0.0737701549368743,0.420973,248.564605565537,26.8903512949652,24.55909,23.15154,21.65093,20.99854,20.69531
26206,SN 2018bgz,222.40958,25.3702,SN Ia,0.033927,,,"SNHunt, ATLAS, ASAS-SN",,ASAS-SN; ATLAS; CRTS; SNHunt,,"Other - Other, ATLAS1 - ACAM1, ASASSN-3 - Paczynski",LT - SPRAT,1,1,,18,V-crts-CRTS,2018-05-08 07:22:13,Drake,,1237665429711159372,3,0.020507994625616,0.411397,222.409203278098,25.3702310117529,24.29706,22.47868,21.23506,20.72147,20.25617,1237665429711159364,3,0.532040940213015,0.015906,222.408922390745,25.3790474202171,17.82461,16.89452,16.45794,16.27721,16.15699
26202,SN 2018bgv,165.62621,55.59883,SLSN-I,0.08,,,"GaiaAlerts, ATLAS, Pan-STARRS1",NUTS,ATLAS; GaiaAlerts; Pan-STARRS1,Gaia18beg,"Gaia - Gaia-photometric, ATLAS1 - ACAM1, PS1 - GPC1",,1,1,,18.26,G-Gaia,2018-05-06 17:19:40,Gaia_Bot1,,1237657220950327558,3,0.0208092345288691,0.104186,165.626722610012,55.5986391952396,20.87276,20.01687,19.7222,19.48737,19.57391,1237657220950327558,3,0.0208092345288691,0.104186,165.626722610012,55.5986391952396,20.87276,20.01687,19.7222,19.48737,19.57391
26185,SN 2018bge,166.06662,50.03055,SN II,0.023894,,,"ATLAS, GaiaAlerts",,ATLAS; GaiaAlerts,ATLAS18nvj,"ATLAS1 - ACAM1, Gaia - Gaia-photometric",LT - SPRAT,1,1,,18.591,orange-ATLAS,2018-05-06 08:57:07,ATLAS_Bot1,,1237657855532269681,6,0.0814078539515618,0,166.068708730027,50.030348550915,22.52836,22.49488,22.11951,22.18065,22.2063,1237657855532269667,3,0.388042676051601,0.024311,166.075026154055,50.0341094683449,16.61634,15.40249,14.93458,14.68579,14.53113
26182,SN 2018bgb,187.32329,6.34114,SN Ia,0.086,,,ZTF,ePESSTO,ZTF,ZTF18aaphzut,P48 - ZTF-Cam,ESO-NTT - EFOSC2-NTT,1,1,,18.76,r-ZTF,2018-05-05 04:03:21,ZTF_Bot1,,1237661970112840095,3,0.00988826891699952,0.128719,187.323131551054,6.34109141286971,21.67603,19.74373,18.81956,18.36445,17.99882,1237661970112840095,3,0.00988826891699952,0.128719,187.323131551054,6.34109141286971,21.67603,19.74373,18.81956,18.36445,17.99882
26183,SN 2018bgc,128.47783,55.5415,SN Ia,,,,ATLAS,,ATLAS,ATLAS18nvs,ATLAS1 - ACAM1,BAO-2.16m - Cassegrain,1,1,,17.64,orange-ATLAS,2018-05-06 07:17:45,ATLAS_Bot1,,1237663529723887794,6,0.0672059056216974,0,128.479777419657,55.5412987503344,20.95478,20.69534,20.80452,21.04869,21.43059,1237663529723887793,3,0.232634808848946,0.033635,128.48358508271,55.5393954512641,16.41615,15.17841,14.53553,14.18179,13.93681
26178,SN 2018bfx,199.52763,27.87339,SN Ia,,,,"ZTF, ATLAS",ZTF,ATLAS; ZTF,ZTF18aajpjdi,"P48 - ZTF-Cam, ATLAS1 - ACAM1",,1,1,,20.04,r-ZTF,2018-04-14 07:24:57,ZTF_Bot1,,1237667444587298906,3,0.0142224509044688,0.082104,199.527637727681,27.8731530576035,19.07353,18.1646,17.84087,17.53318,17.43182,1237667444587298906,3,0.0142224509044688,0.082104,199.527637727681,27.8731530576035,19.07353,18.1646,17.84087,17.53318,17.43182
26172,SN 2018bfr,166.19792,-15.63311,SN Ia,0.072,2MASX J11044706-1538068,0.071746,"ASAS-SN, ATLAS",,ASAS-SN; ATLAS,ASASSN-18jp,"ASASSN-3 - Paczynski, ASASSN-5 - Payne-Gaposchkin, ATLAS1 - ACAM1",Lick 3m - KAST,1,1,,18.2,g-Sloan,2018-05-05 18:43:12,Stanek,,,,,,,,,,,,,1237671142546669772,3,0.164168922252698,0.061387,166.196187206778,-15.6352784109863,17.97268,15.98542,15.03979,14.57042,14.22228
26170,SN 2018bfp,201.15925,-2.58111,SN Ib,0.053,SDSS J132438.21-023450.3,0.06,,,,C17-0116,CTIO-4m - DECAM,Gemini-N - GMOS,1,1,,22.444,g-Sloan,2018-04-24 16:38:36,Narayan,KEGS-C16;KEGS-C17,1237655498663330025,3,0.027804473794824,0.07268,201.159224603917,-2.5806472871027,19.80075,18.54429,18.13777,17.87123,17.78604,1237655498663330025,3,0.027804473794824,0.07268,201.159224603917,-2.5806472871027,19.80075,18.54429,18.13777,17.87123,17.78604
26174,SN 2018bft,208.32979,-4.85885,SN Ia,0.075,SDSS J135319.28-045134.6,0.063,,,,C17-0118,CTIO-4m - DECAM,Lick 3m - KAST,1,1,,19.826,i-Sloan,2018-05-02 14:44:26,Narayan,KEGS-C16;KEGS-C17,1237671957522088204,3,0.0573674063454009,0.068163,208.330351035301,-4.85962567388294,19.21115,17.81734,17.20933,16.82898,16.56257,1237671957522088204,3,0.0573674063454009,0.068163,208.330351035301,-4.85962567388294,19.21115,17.81734,17.20933,16.82898,16.56257
26162,SN 2018bfh,155.67162,15.93892,SN Ia,0.044,CGCG 094-019,0.044541,"ASAS-SN, ZTF",DAO_OTS,ASAS-SN; ZTF,ASASSN-18jn,"ASASSN-5 - Payne-Gaposchkin, ASASSN-4 - Leavitt, P48 - ZTF-Cam","Lick 3m - KAST, Plaskett Telescope - Plaskett",1,1,,17,g-Sloan,2018-05-06 03:50:24,Stanek,,1237668496310206652,3,0.0324707763746711,0.035127,155.671376577452,15.9394079441212,17.05551,15.41455,14.66936,14.29824,14.01378,1237668496310206652,3,0.0324707763746711,0.035127,155.671376577452,15.9394079441212,17.05551,15.41455,14.66936,14.29824,14.01378
26159,SN 2018bfe,195.48075,7.60169,SN Ia,0.060885,,,ATLAS,,ATLAS,ATLAS18nuw,ATLAS1 - ACAM1,LT - SPRAT,1,1,,18.685,orange-ATLAS,2018-05-05 10:23:31,ATLAS_Bot1,,,,,,,,,,,,,1237661976014880827,3,0.199799450358352,0.035535,195.478998616797,7.59884831865719,17.37522,15.86576,15.0854,14.68481,14.3603
26158,SN 2018bfd,217.25217,17.32517,SN Ia,0.052,,,ATLAS,,ATLAS,ATLAS18nut,ATLAS1 - ACAM1,Lick 3m - KAST,1,1,,18.083,orange-ATLAS,2018-05-05 11:05:16,ATLAS_Bot1,,,,,,,,,,,,,1237668298217488585,3,0.412751883831733,0.044862,217.246811901265,17.3205700583077,17.31797,15.33867,14.47271,14.05312,13.73225
26157,SN 2018bfc,350.74308,-1.02789,SN Ia,0.034,SDSS J232258.36-010141.2,0.034266,ASAS-SN,,ASAS-SN,ASASSN-18jl,ASASSN-3 - Paczynski,Keck1 - LRIS,1,1,,16.9,g-Sloan,2018-05-05 09:36:00,Stanek,,1237656906351051104,3,0.0151405820989821,0.072922,350.743184440509,-1.02811972309078,19.27048,18.05561,17.62726,17.32285,17.22971,1237656906351051104,3,0.0151405820989821,0.072922,350.743184440509,-1.02811972309078,19.27048,18.05561,17.62726,17.32285,17.22971
26137,SN 2018bei,233.888,12.5679,SN II,0.028,LEDA 214391,0.02837,"LOSS, ZTF",ePESSTO,LOSS; ZTF,kait-18T,"Other - Other, P48 - ZTF-Cam",ESO-NTT - EFOSC2-NTT,1,1,,18.6,Clear-,2018-05-03 11:45:24,Zheng,,1237668270838251569,3,0.0287074122072244,0.032003,233.887661300204,12.5675541171453,18.15536,16.93082,16.50743,16.27254,16.18166,1237668270838251569,3,0.0287074122072244,0.032003,233.887661300204,12.5675541171453,18.15536,16.93082,16.50743,16.27254,16.18166
26136,SN 2018beh,142.84583,17.80831,SN Ib/c,0.06,SDSS J093123.09+174828.0,,"ASAS-SN, ATLAS",ePESSTO,ASAS-SN; ATLAS,ASASSN-18ji,"ASASSN-3 - Paczynski, ATLAS1 - ACAM1",ESO-NTT - EFOSC2-NTT,1,1,,17.4,g-Sloan,2018-05-04 00:57:36,Stanek,,1237667536393535866,3,0.0384904396528279,0.068108,142.8462093593,17.8077798315382,20.5851,19.2461,18.86329,18.58203,18.42103,1237667536393535866,3,0.0384904396528279,0.068108,142.8462093593,17.8077798315382,20.5851,19.2461,18.86329,18.58203,18.42103
26115,SN 2018bdo,231.65958,28.86628,SN Ia,0.08,,,"GaiaAlerts, ZTF, ATLAS",NUTS,ATLAS; GaiaAlerts; ZTF,Gaia18bca,"Gaia - Gaia-photometric, P48 - ZTF-Cam, ATLAS1 - ACAM1",NOT - ALFOSC,1,1,,18.56,G-Gaia,2018-04-28 12:08:38,Gaia_Bot1,,1237662661602968040,3,0.0127624872887845,0.096086,231.659817256567,28.866325534805,19.10822,17.80843,17.16231,16.76826,16.52267,1237662661602968040,3,0.0127624872887845,0.096086,231.659817256567,28.866325534805,19.10822,17.80843,17.16231,16.76826,16.52267
26107,SN 2018bdg,179.90417,27.53057,SN Ia-91T-like,0.09,,,"GaiaAlerts, ATLAS, ZTF",ePESSTO,ATLAS; GaiaAlerts; ZTF,Gaia18bbq,"Gaia - Gaia-photometric, ATLAS1 - ACAM1, P48 - ZTF-Cam",ESO-NTT - EFOSC2-NTT,1,1,,18.88,G-Gaia,2018-04-28 01:09:07,Gaia_Bot1,,1237667323254997927,3,0.019601041783709,0.507341,179.904473981816,27.530754553128,21.67824,21.16788,21.04954,20.78315,20.67971,1237667323254997927,3,0.019601041783709,0.507341,179.904473981816,27.530754553128,21.67824,21.16788,21.04954,20.78315,20.67971
26108,SN 2018bdh,163.15962,22.22875,SN Ia,0.079,,,GaiaAlerts,ePESSTO,GaiaAlerts,Gaia18bbr,Gaia - Gaia-photometric,ESO-NTT - EFOSC2-NTT,1,1,,18.81,G-Gaia,2018-04-28 05:05:16,Gaia_Bot1,,,,,,,,,,,,,1237667536402120850,3,0.111568734087252,0.074835,163.159091410365,22.2305439468098,18.54581,16.70633,15.80467,15.40456,15.09094
26087,SN 2018bcm,260.47942,29.30933,SN Ia,0.09,,,GaiaAlerts,ePESSTO,GaiaAlerts,Gaia18bav,Gaia - Gaia-photometric,ESO-NTT - EFOSC2-NTT,1,1,,18.6,G-Gaia,2018-04-25 18:28:48,Gaia_Bot1,,,,,,,,,,,,,1237655130383844071,3,0.32231878465353,0.18484,260.483997726757,29.3057350456395,20.93872,18.8779,17.64976,17.09387,16.74199
26074,SN 2018bbz,261.96804,60.09606,SN Ia,0.028,PGC60339,,"ISSP, ZTF",NUTS,ISSP; ZTF,,"Other - Other, P48 - ZTF-Cam",NOT - ALFOSC,1,1,,17.9,Clear-,2018-04-26 00:28:48,Ciabattari,,1237656529992548527,3,0.0773049640294623,0.031595,261.968847622207,60.0972838891678,16.78494,14.85204,14.01812,13.58886,13.27892,1237656529992548527,3,0.0773049640294623,0.031595,261.968847622207,60.0972838891678,16.78494,14.85204,14.01812,13.58886,13.27892
26045,SN 2018bba,159.51662,45.25664,SN Ia,0.121,,,ZTF,ZTF,ZTF,ZTF18aahqavd,P48 - ZTF-Cam,P200 - DBSP,1,1,,20.3,r-ZTF,2018-04-10 06:14:24,ZTF_Bot1,,1237660636533293293,3,0.0393034862672895,0.105925,159.515985932111,45.2571194607038,20.55148,19.24388,18.76208,18.44326,18.43586,1237660636533293293,3,0.0393034862672895,0.105925,159.515985932111,45.2571194607038,20.55148,19.24388,18.76208,18.44326,18.43586
26057,SN 2018bbk,118.11229,16.49403,SN II,0.038,,,ZTF,ZTF,ZTF,ZTF18aaewugy,P48 - ZTF-Cam,APO 3.5m - DIS,1,1,,18.7,r-ZTF,2018-03-05 03:36:00,ZTF_Bot1,,1237664835921838764,6,0.00233935489996189,0,118.11230734895,16.4940652624068,22.26776,21.94596,22.42986,22.48185,22.82694,1237664835921838760,3,0.075330197294868,0.03916,118.112478318168,16.4952724506603,19.37319,18.16536,17.8183,17.63643,17.48023
26044,SN 2018baz,246.05579,25.27206,SN Ia-91bg-like,0.1,,,ZTF,ZTF,ZTF,ZTF18aaiajvb,P48 - ZTF-Cam,P200 - DBSP,1,1,,20.6,r-ZTF,2018-03-21 09:50:24,ZTF_Bot1,,1237662640660021975,3,0.0179056274395282,0.110815,246.055920846738,25.2717860323659,24.16931,22.09181,21.35296,21.2618,21.72827,1237662640660021975,3,0.0179056274395282,0.110815,246.055920846738,25.2717860323659,24.16931,22.09181,21.35296,21.2618,21.72827
26040,SN 2018bav,251.85638,25.68508,SN Ia,0.114,,,ZTF,ZTF,ZTF,ZTF18aagrgao,P48 - ZTF-Cam,P200 - DBSP,1,1,,19.7,r-ZTF,2018-03-21 09:21:36,ZTF_Bot1,,1237662300840395048,3,0.0427885117553939,0.12202,251.857106181214,25.6847966356526,19.71821,17.67036,16.60172,16.14991,15.80287,1237662300840395048,3,0.0427885117553939,0.12202,251.857106181214,25.6847966356526,19.71821,17.67036,16.60172,16.14991,15.80287
26041,SN 2018baw,261.64162,34.37356,SN Ia,0.062,,,ZTF,ZTF,ZTF,ZTF18aaibibr,P48 - ZTF-Cam,P200 - DBSP,1,1,,20.1,r-ZTF,2018-03-21 10:48:00,ZTF_Bot1,,1237665582724874633,6,0.0219384033968434,0,261.641188130988,34.373641447358,24.65623,25.13388,24.8115,22.2585,19.47559,1237665582724874628,3,0.0501540596033325,0.070597,261.640712880148,34.3739317007191,18.47944,17.03711,16.36959,15.98371,15.72638
26037,SN 2018bas,177.79775,16.52983,SN II,0.066,,,ZTF,ZTF,ZTF,ZTF18aahmrtf,P48 - ZTF-Cam,P200 - DBSP,1,1,,19.6,r-ZTF,2018-04-08 06:57:36,ZTF_Bot1,,1237668584362868845,3,0.0344412277787717,0.062209,177.797250979714,16.5301472325934,19.33101,18.35368,18.01493,17.77256,17.67977,1237668584362868845,3,0.0344412277787717,0.062209,177.797250979714,16.5301472325934,19.33101,18.35368,18.01493,17.77256,17.67977
26039,SN 2018bau,176.54983,9.35503,SN Ia,0.08,,,"ZTF, ATLAS",ZTF,ATLAS; ZTF,ZTF18aahfxnn,"P48 - ZTF-Cam, ATLAS1 - ACAM1",P200 - DBSP,1,1,,19,r-ZTF,2018-04-06 05:31:12,ZTF_Bot1,,1237660613439652108,3,0.0693085624042567,0.085419,176.548694596951,9.35474843909812,20.16038,18.7844,18.24748,17.91824,17.68225,1237660613439652108,3,0.0693085624042567,0.085419,176.548694596951,9.35474843909812,20.16038,18.7844,18.24748,17.91824,17.68225
26038,SN 2018bat,219.45421,45.54928,SN Ia,0.124,,,ZTF,ZTF,ZTF,ZTF18aaguhgb,P48 - ZTF-Cam,P200 - DBSP,1,1,,19.7,g-ZTF,2018-03-30 12:00:00,ZTF_Bot1,,1237661212582084760,3,0.0524238664117832,0.134707,219.454241384126,45.5484065453647,18.71075,17.50717,16.77703,16.36634,16.09693,1237661212582084760,3,0.0524238664117832,0.134707,219.454241384126,45.5484065453647,18.71075,17.50717,16.77703,16.36634,16.09693
26024,SN 2018baf,199.25658,-2.2769,SN Ia,0.12,SDSS J131701.56-021636.7,,SNHunt,ePESSTO,CRTS; SNHunt,,Other - Other,ESO-NTT - EFOSC2-NTT,1,1,,19.8,V-crts-CRTS,2018-04-23 06:19:31,Drake,,1237650761862087202,3,0.00477002192291432,0.090871,199.256506909056,-2.27686859213349,20.80694,19.64755,19.27127,18.98711,18.93688,1237650761862087202,3,0.00477002192291432,0.090871,199.256506909056,-2.27686859213349,20.80694,19.64755,19.27127,18.98711,18.93688
26035,SN 2018baq,177.93967,57.79954,SN Ia,0.064,,,"ATLAS, ZTF",ZTF,ATLAS; ZTF,ATLAS18nqr,"ATLAS1 - ACAM1, P48 - ZTF-Cam",LT - SPRAT,1,1,,18.471,orange-ATLAS,2018-04-12 10:12:00,ATLAS_Bot1,,1237661353779396732,3,0.0788293604855762,0.066971,177.937277583365,57.7998575367564,18.38168,17.27355,16.86406,16.57997,16.45386,1237661353779396732,3,0.0788293604855762,0.066971,177.937277583365,57.7998575367564,18.38168,17.27355,16.86406,16.57997,16.45386
26029,SN 2018bak,156.20021,-2.5099,SN Ia,0.088,,,GaiaAlerts,ePESSTO,GaiaAlerts,Gaia18baf,Gaia - Gaia-photometric,ESO-NTT - EFOSC2-NTT,1,1,,19.26,G-Gaia,2018-04-12 16:33:35,Gaia_Bot1,,1237650804269580488,3,0.0178809870092545,0.077954,156.20013298964,-2.51018791419508,18.57088,17.60365,17.21229,16.88783,16.76527,1237650804269580488,3,0.0178809870092545,0.077954,156.20013298964,-2.51018791419508,18.57088,17.60365,17.21229,16.88783,16.76527
26023,SN 2018bae,223.20642,18.08021,SN Ia,0.07,,,ATLAS,ePESSTO,ATLAS,ATLAS18nnp,ATLAS1 - ACAM1,ESO-NTT - EFOSC2-NTT,1,1,,19.192,cyan-ATLAS,2018-04-19 13:17:45,ATLAS_Bot1,,,,,,,,,,,,,1237667782850511104,3,0.354234385606858,0.083064,223.210345699222,18.0756351809045,18.93422,17.04176,16.10526,15.68955,15.36849
26013,SN 2018azu,109.48308,40.98552,SN Ia,0.023,,,"ATLAS, GaiaAlerts",ZTF,ATLAS; GaiaAlerts,ATLAS18nlu,"ATLAS1 - ACAM1, Gaia - Gaia-photometric",P60 - SED-Machine,1,1,,17.632,orange-ATLAS,2018-04-12 06:53:16,ATLAS_Bot1,,,,,,,,,,,,,1237663656416707175,3,1.162009916584,0,109.479941636265,40.9662986567896,27.7229,28.70464,25.37873,19.90036,23.70318
26021,SN 2018bac,160.67567,25.99477,SN Ia,0.0372,,,ATLAS,ZTF,ATLAS,ATLAS18nly,ATLAS1 - ACAM1,P60 - SED-Machine,1,1,,18.161,cyan-ATLAS,2018-04-19 09:54:43,ATLAS_Bot1,,1237667323784396862,3,0.051164261918091,0.035022,160.675995310999,25.995571039357,18.9369,17.93352,17.54519,17.3444,17.13487,1237667323784396862,3,0.051164261918091,0.035022,160.675995310999,25.995571039357,18.9369,17.93352,17.54519,17.3444,17.13487
25971,SN 2018ayf,145.29429,24.02236,SN Ia-pec,0.07,2MASX J09411042+2401218,0.070028,"ASAS-SN, GaiaAlerts",Padova-Asiago,ASAS-SN; GaiaAlerts,ASASSN-18iv,"ASASSN-2 - Cassius, Gaia - Gaia-photometric",Ekar - AFOSC,1,1,,17,V-Johnson,2018-04-19 23:31:12,Stanek,,1237667211587551371,3,0.0526198632809744,-9999,145.293555698478,24.021794948755,17.51552,16.74336,16.91034,17.36862,17.89644,1237667211587551370,3,0.056804683407475,0.061804,145.293394541208,24.02283683064,17.55707,15.91277,15.17103,14.69278,14.4006
25972,SN 2018ayg,220.91271,18.87018,SN Ia,0.031,2MASX J14433925+1852124,0.030973,"ASAS-SN, ATLAS","Padova-Asiago, ePESSTO",ASAS-SN; ATLAS,ASASSN-18iw,"ASASSN-4 - Leavitt, ASASSN-3 - Paczynski, ATLAS1 - ACAM1","Ekar - AFOSC, ESO-NTT - EFOSC2-NTT",1,1,,18.1,g-Sloan,2018-04-21 06:28:48,Stanek,,1237667735597351217,3,0.048036013288498,0.037441,220.913547985504,18.8700695672775,17.65911,15.78699,14.94395,14.51243,14.197,1237667735597351217,3,0.048036013288498,0.037441,220.913547985504,18.8700695672775,17.65911,15.78699,14.94395,14.51243,14.197
25970,SN 2018aye,269.41817,50.03881,SN Ia,0.017,SDSS J175740.70+500154.1,,"ASAS-SN, ATLAS",Padova-Asiago,ASAS-SN; ATLAS,ASASSN-18iu,"ASASSN-4 - Leavitt, ATLAS1 - ACAM1",Ekar - AFOSC,1,1,,18,g-Sloan,2018-04-21 07:26:24,Stanek,,1237656564367032368,3,0.0726970987884916,0.1256,269.419939992749,50.0383908710816,21.04362,20.35653,20.35509,20.15122,20.27344,1237656564367032369,3,0.189010736687683,0.014102,269.422775819061,50.0377271133511,24.75846,22.72583,23.60662,22.10917,21.63986
25932,SN 2018aws,185.57821,9.0313,SN Ia,0.14,SDSS J122218.98+090153.1,,SNHunt,ePESSTO,CRTS; SNHunt,,Other - Other,ESO-NTT - EFOSC2-NTT,1,1,,20.5,V-crts-CRTS,2018-04-20 06:22:02,Drake,,1237662236392948052,3,0.0524136919317297,0.17824,185.579089866436,9.03138956040495,19.798,18.88437,18.29818,17.97471,17.8534,1237662236392948057,3,0.401682907371381,0.022181,185.584440520486,9.0339375451275,18.28988,17.1763,16.75661,16.61662,16.5196
25926,SN 2018awn,172.54842,4.41544,SN Ia,0.029123,2MASX J11301164+0424561,0.029123,ASAS-SN,"ePESSTO, Padova-Asiago",ASAS-SN,ASASSN-18io,"ASASSN-5 - Payne-Gaposchkin, ASASSN-3 - Paczynski","ESO-NTT - EFOSC2-NTT, Ekar - AFOSC",1,1,,16.9,g-Sloan,2018-04-20 05:16:48,Stanek,,1237654604794298408,3,0.0111084807723377,0.027564,172.54851577741,4.41559861393034,18.00154,16.57619,15.95818,15.66937,15.45153,1237654604794298408,3,0.0111084807723377,0.027564,172.54851577741,4.41559861393034,18.00154,16.57619,15.95818,15.66937,15.45153
25911,SN 2018avz,209.77287,58.26837,SN Ia,0.0606,,,"GaiaAlerts, ATLAS",ZTF,ATLAS; GaiaAlerts,Gaia18azf,"Gaia - Gaia-photometric, ATLAS1 - ACAM1",P60 - SED-Machine,1,1,,17.84,G-Gaia,2018-04-16 23:48:28,Gaia_Bot1,,1237659326552998032,3,0.00266857024455701,0.079937,209.772951401117,58.2683820517801,20.19402,18.88294,18.38997,18.09557,17.90684,1237659326552998032,3,0.00266857024455701,0.079937,209.772951401117,58.2683820517801,20.19402,18.88294,18.38997,18.09557,17.90684
25896,SN 2018avk,197.86562,65.6381,SN Ic,0.132,,,"GaiaAlerts, ATLAS",,ATLAS; GaiaAlerts,Gaia18ayq,"Gaia - Gaia-photometric, ATLAS1 - ACAM1",MMT - MMT-Blue,1,1,,18.63,G-Gaia,2018-04-14 17:45:36,Gaia_Bot1,,1237651067892400350,3,0.042975532137315,0.340763,197.867344164011,65.638015161327,23.21282,21.84117,21.02518,20.69022,20.68412,1237651067892400350,3,0.042975532137315,0.340763,197.867344164011,65.638015161327,23.21282,21.84117,21.02518,20.69022,20.68412
25907,SN 2018avv,207.89317,-5.88994,SN Ia,0.06,SDSS J135134.34-055325.8,,"ASAS-SN, ATLAS",ePESSTO,ASAS-SN; ATLAS,ASASSN-18im,"ASASSN-3 - Paczynski, ATLAS1 - ACAM1",ESO-NTT - EFOSC2-NTT,1,1,,17.8,g-Sloan,2018-04-17 05:02:24,Stanek,,1237671956448674014,3,0.0342421857992968,0.067238,207.893113418697,-5.89050792103021,19.65639,18.89417,18.67741,18.42876,18.3277,1237671956448674014,3,0.0342421857992968,0.067238,207.893113418697,-5.89050792103021,19.65639,18.89417,18.67741,18.42876,18.3277
25885,SN 2018auz,335.91037,4.63066,SN Ia,0.052,,,GaiaAlerts,ePESSTO,GaiaAlerts,Gaia18ayh,Gaia - Gaia-photometric,ESO-NTT - EFOSC2-NTT,1,1,,18.49,G-Gaia,2018-04-12 19:19:12,Gaia_Bot1,,1237678777930744169,3,0.0135508233276195,0.086072,335.910332156767,4.63088267491253,25.22093,19.48246,19.05695,18.69555,18.66452,1237678777930744169,3,0.0135508233276195,0.086072,335.910332156767,4.63088267491253,25.22093,19.48246,19.05695,18.69555,18.66452
25906,SN 2018avu,160.065,1.8882,SN Ia,0.08,,,GaiaAlerts,ePESSTO,GaiaAlerts,Gaia18aza,Gaia - Gaia-photometric,ESO-NTT - EFOSC2-NTT,1,1,,18.77,G-Gaia,2018-04-15 18:28:48,Gaia_Bot1,,1237651753464758384,3,0.0570475652944941,0.118244,160.065823183402,1.8877234378956,20.69045,19.09161,18.26029,17.7952,17.47318,1237651753464758384,3,0.0570475652944941,0.118244,160.065823183402,1.8877234378956,20.69045,19.09161,18.26029,17.7952,17.47318
25901,SN 2018avp,195.11062,18.61947,SN Ia,0.048,SDSS J130026.83+183711.1,0.052717,"ASAS-SN, ATLAS, ZTF","Padova-Asiago, ePESSTO, ZTF",ASAS-SN; ATLAS; ZTF,ASASSN-18ii,"ASASSN-3 - Paczynski, ATLAS1 - ACAM1, P48 - ZTF-Cam","Ekar - AFOSC, ESO-NTT - EFOSC2-NTT, APO 3.5m - DIS",1,1,,17.9,g-Sloan,2018-04-16 06:00:00,Stanek,,1237668296597700818,3,0.0689961218477757,0.062844,195.111793335239,18.6197632253101,19.49075,18.02032,17.57643,17.30341,17.13182,1237668296597700818,3,0.0689961218477757,0.062844,195.111793335239,18.6197632253101,19.49075,18.02032,17.57643,17.30341,17.13182
25892,SN 2018avg,193.45604,29.59106,SN Ia,0.0463,PGC 43834,0.04638,"POSS, ATLAS, GaiaAlerts",,ATLAS; GaiaAlerts; POSS,,"Other - Other, ATLAS1 - ACAM1, Gaia - Gaia-photometric",P60 - SED-Machine,1,1,,18.2,Clear-,2018-04-16 08:03:27,Puckett,,1237667254019031160,6,0.0526970394414265,0,193.456779366551,29.5916583503098,22.72009,23.35409,22.68922,22.81383,22.05948,1237667254019031139,3,0.244351105076445,0.02602,193.452509978473,29.5883836846187,16.50499,14.88476,14.12428,13.75479,13.46747
25881,SN 2018auv,162.31808,26.37309,SN Ia,0.0635,,,"GaiaAlerts, ATLAS",,ATLAS; GaiaAlerts,Gaia18ayd,"Gaia - Gaia-photometric, ATLAS1 - ACAM1",P60 - SED-Machine,1,1,,18.22,G-Gaia,2018-04-13 11:02:24,Gaia_Bot1,,,,,,,,,,,,,1237667431176601683,3,0.17873423227226,0.048437,162.31810075901,26.3701111541893,16.916,15.4597,14.67621,14.25998,13.99668
25877,SN 2018aur,191.16058,6.30132,SN Ia,0.0561,2MASX J12443847+0618049,0.056088,ASAS-SN,,ASAS-SN,ASASSN-18hz,ASASSN-3 - Paczynski,P60 - SED-Machine,1,1,,18.2,g-Sloan,2018-04-14 07:12:00,Stanek,,1237671764789297306,3,0.0164378580149521,0.078225,191.160304971958,6.30130191064268,19.40582,17.69525,16.89247,16.46563,16.18628,1237671764789297306,3,0.0164378580149521,0.078225,191.160304971958,6.30130191064268,19.40582,17.69525,16.89247,16.46563,16.18628
25851,SN 2018ats,153.23454,46.41809,SN Ia,0.0382,,,"GaiaAlerts, ATLAS",,ATLAS; GaiaAlerts,Gaia18axn,"Gaia - Gaia-photometric, ATLAS1 - ACAM1",NOT - ALFOSC,1,1,,18.19,G-Gaia,2018-04-10 17:18:14,Gaia_Bot1,,,,,,,,,,,,,1237658614123659296,3,0.109757637155873,0.041629,153.231946497853,46.4177032493372,17.08398,15.27191,14.41812,14.05169,13.74382
25875,SN 2018aup,127.91767,-4.11781,SN Ia,0.0405,MCG-01-22-018,,ATLAS,,ATLAS,,"Other - Other, ATLAS1 - ACAM1",P60 - SED-Machine,1,1,,17,Clear-,2018-04-15 11:35:20,Itagaki,,1237673709863633235,3,0.094368324574867,-9999,127.918283343494,-4.11925895377814,17.65342,16.95236,16.92282,15.92515,23.17981,1237673709863633227,3,0.186935392286766,0.029987,127.920792217337,-4.11790447382722,16.25968,14.05711,13.1299,12.70112,12.38717
25865,SN 2018auf,334.30117,-3.89254,SN Ia,0.09,,,GaiaAlerts,ePESSTO,GaiaAlerts,Gaia18axz,Gaia - Gaia-photometric,ESO-NTT - EFOSC2-NTT,1,1,,18.89,G-Gaia,2018-04-11 01:26:24,Gaia_Bot1,,1237680066416738657,6,0.0955809439535148,0,334.299641970919,-3.89300215540169,24.17554,23.5164,24.08281,22.94257,21.21929,1237680066416738655,3,0.100197094046091,0.177624,334.299702427217,-3.89173694843972,19.66051,18.595,17.86066,17.46646,17.19519
25850,SN 2018atr,206.64708,29.11017,SN Ia,0.08,2MASX J13463567+2906462,0.075545,TNTS,TNTS,TNTS,,BAO-0.6m - BATC,Lijiang-2.4m - YFOSC,1,1,,18.14,Clear-,2018-04-11 18:31:34,li,,,,,,,,,,,,,1237665443130835030,3,0.178200294815201,0.100116,206.648526529932,29.1128577031377,18.77739,17.08254,16.15953,15.69596,15.35489
25849,SN 2018atq,176.76717,19.55078,SN IIn,0.17,SDSS J114704.04+193303.0,,"TNTS, ATLAS",ePESSTO,ATLAS; TNTS,,"BAO-0.6m - BATC, ATLAS1 - ACAM1",ESO-NTT - EFOSC2-NTT,1,1,,18.28,Clear-,2018-04-11 14:46:04,li,,1237668293376147618,3,0.019577650217679,0.163322,176.766826411007,19.5508204322943,21.15506,19.73928,18.88049,18.41359,18.13092,1237668293376147618,3,0.019577650217679,0.163322,176.766826411007,19.5508204322943,21.15506,19.73928,18.88049,18.41359,18.13092
25832,AT 2018asz,241.41767,15.59205,Galaxy,0.041,,,ATLAS,ePESSTO,ATLAS,ATLAS18nch,ATLAS1 - ACAM1,ESO-NTT - EFOSC2-NTT,1,1,,18.956,orange-ATLAS,2018-03-30 12:25:55,ATLAS_Bot1,,1237665567692227134,3,0.00405807779287262,0.054344,241.4176636952,15.5919826385537,17.88825,16.20054,15.35351,14.96123,14.68153,1237665567692227134,3,0.00405807779287262,0.054344,241.4176636952,15.5919826385537,17.88825,16.20054,15.35351,14.96123,14.68153
25833,SN 2018ata,190.38058,26.0331,SN Ia,0.19,NGC 4614,0.0161,SNHunt,Padova-Asiago,CRTS; SNHunt,,Other - Other,Ekar - AFOSC,1,1,,20.1,V-crts-CRTS,2018-04-10 06:30:17,Drake,,,,,,,,,,,,,1237667448879448148,3,0.574359634893878,0.018525,190.381107750666,26.0426609088561,15.3125,13.76503,13.04321,12.67734,12.36678
25826,SN 2018ast,175.28317,24.81961,SN Ia-91bg-like,0.012,NGC3812,,"GaiaAlerts, ATLAS, ZTF","ASAS-SN, ZTF",ATLAS; GaiaAlerts; ZTF,,"Other - Other, Gaia - Gaia-photometric, ATLAS1 - ACAM1, P48 - ZTF-Cam","MDM-2.4 - OSMOS, P200 - DBSP",1,1,,16.7,Clear-,2018-04-08 12:34:33,Tanaka,,,,,,,,,,,,,1237667911663157274,3,1.02132099413392,0,175.276203071307,24.8038062566888,30.60261,16.82359,34.07685,15.2878,15.66444
25816,SN 2018asj,140.74483,9.06964,SN Ia,0.1,,,"GaiaAlerts, ATLAS",ePESSTO,ATLAS; GaiaAlerts,Gaia18awh,"Gaia - Gaia-photometric, ATLAS1 - ACAM1",ESO-NTT - EFOSC2-NTT,1,1,,18.8,G-Gaia,2018-04-05 22:39:21,Gaia_Bot1,,,,,,,,,,,,,1237660670348624664,3,1.89330075790976,0,140.755258612457,9.09946740578352,23.33596,22.6338,22.12308,20.65944,23.12503
25801,SN 2018aru,200.57842,-1.88111,SN II,0.047,SDSS J132218.87-015251.4,0.06,,,,C17-0059,CTIO-4m - DECAM,SOAR - Goodman,1,1,,20.775,g-Sloan,2018-04-06 13:48:06,Narayan,KEGS-C16;KEGS-C17,1237655495441449134,3,0.0169244491110258,0.057241,200.578659453854,-1.88096070345803,18.62291,17.55638,17.18903,16.90415,16.74651,1237655495441449134,3,0.0169244491110258,0.057241,200.578659453854,-1.88096070345803,18.62291,17.55638,17.18903,16.90415,16.74651
25785,SN 2018are,207.362,26.46192,SN Ia-91T-like,0.08,2MASX J13492678+2627426,0.076358,"ASAS-SN, ATLAS",ePESSTO,ASAS-SN; ATLAS,ASASSN-18hh,"ASASSN-4 - Leavitt, ATLAS1 - ACAM1",ESO-NTT - EFOSC2-NTT,1,1,,18.3,g-Sloan,2018-04-05 03:50:24,Stanek,,1237665532782903318,3,0.0289002531117594,0.073066,207.361463256852,26.4618865646781,18.68204,16.7597,15.86666,15.41285,15.08702,1237665532782903318,3,0.0289002531117594,0.073066,207.361463256852,26.4618865646781,18.68204,16.7597,15.86666,15.41285,15.08702
25779,SN 2018aqy,128.93942,28.27028,SN Ia,0.07,,,ATLAS,ZTF,ATLAS,ATLAS18mzs,ATLAS1 - ACAM1,P60 - SED-Machine,1,1,,18.42,orange-ATLAS,2018-03-30 08:51:21,ATLAS_Bot1,,1237661088032555305,3,0.0267731884893706,0.08008,128.938966080467,28.2704782180915,20.74641,19.36987,18.977,18.69658,18.63811,1237661088032555305,3,0.0267731884893706,0.08008,128.938966080467,28.2704782180915,20.74641,19.36987,18.977,18.69658,18.63811
25767,SN 2018aqm,248.04825,42.71322,SN Ia,0.032,2MFGC 13255,0.032402,"TNTS, ATLAS, ZTF",ZTF,ATLAS; TNTS; ZTF,,"BAO-0.6m - BATC, ATLAS1 - ACAM1, P48 - ZTF-Cam","BAO-2.16m - Cassegrain, P200 - DBSP",1,1,,17.29,Clear-,2018-04-06 18:06:12,li,,1237655501882982651,3,0.0515147021675716,0.053085,248.047403211999,42.7138116478245,18.52126,16.51775,15.5428,15.04271,14.59732,1237655501882982651,3,0.0515147021675716,0.053085,248.047403211999,42.7138116478245,18.52126,16.51775,15.5428,15.04271,14.59732
25783,SN 2018arc,265.5675,50.48875,SN II,0.03,,,ATLAS,ZTF,ATLAS,ATLAS18mzw,ATLAS1 - ACAM1,P60 - SED-Machine,1,1,,18.156,orange-ATLAS,2018-04-06 14:31:12,ATLAS_Bot1,,1237659896713773403,3,0.00992478311563283,0.035197,265.567401852624,50.4885968263164,16.77046,15.51304,15.03678,14.73173,14.51759,1237659896713773403,3,0.00992478311563283,0.035197,265.567401852624,50.4885968263164,16.77046,15.51304,15.03678,14.73173,14.51759
25765,SN 2018aqk,181.24362,32.39143,SN Ia,0.054,CGCG 187-001,0.054054,"ASAS-SN, GaiaAlerts, ATLAS, ZTF","ASAS-SN, ZTF",ASAS-SN; ATLAS; GaiaAlerts; ZTF,ASASSN-18he,"ASASSN-4 - Leavitt, Gaia - Gaia-photometric, ATLAS1 - ACAM1, P48 - ZTF-Cam","MDM-2.4 - OSMOS, APO 3.5m - DIS",1,1,,17.8,g-Sloan,2018-04-05 02:38:24,Stanek,,1237665226767204469,6,0.050861927852488,0,181.244299441681,32.3920540464445,23.68549,22.71595,24.26726,21.37759,22.82689,1237665226767204466,3,0.112325243516913,0.032145,181.245816276559,32.3911743981802,16.90172,15.1799,14.40328,13.9982,13.70445
25764,SN 2018aqj,180.42962,8.13469,SN Ia,0.042,2MASX J12014308+0808037,0.041092,"ASAS-SN, ATLAS",ePESSTO,ASAS-SN; ATLAS,ASASSN-18hd,"ASASSN-3 - Paczynski, ATLAS1 - ACAM1",ESO-NTT - EFOSC2-NTT,1,1,,17,g-Sloan,2018-04-06 06:28:48,Stanek,,1237671129129681073,3,0.0180237282419055,0.051466,180.429533413959,8.13440209306704,18.33496,16.54628,15.76426,15.40271,15.13554,1237671129129681073,3,0.0180237282419055,0.051466,180.429533413959,8.13440209306704,18.33496,16.54628,15.76426,15.40271,15.13554
25766,SN 2018aql,254.27067,39.38169,SN IIP,0.074,SDSS J165705.00+392253.8,,"TNTS, ATLAS",TNTS,ATLAS; TNTS,,"BAO-0.6m - BATC, ATLAS1 - ACAM1",Lijiang-2.4m - YFOSC,1,1,,18.22,Clear-,2018-04-06 19:40:19,li,,1237655504569696955,3,0.00842241932986231,0.105741,254.270844674536,39.381651575642,20.91965,19.27867,18.50047,18.14862,17.88458,1237655504569696955,3,0.00842241932986231,0.105741,254.270844674536,39.381651575642,20.91965,19.27867,18.50047,18.14862,17.88458
25762,SN 2018aqh,181.36112,20.29912,SN Ia,0.024,,,ATLAS,ePESSTO,ATLAS,ATLAS18myy,"ATLAS1 - ACAM1, Other - Other",ESO-NTT - EFOSC2-NTT,1,1,,16.69,orange-ATLAS,2018-04-05 10:46:33,ATLAS_Bot1,,1237667915955700023,6,0.0269734634337966,0,181.361270550424,20.2986931926135,24.16841,24.03754,22.98052,24.02936,23.21181,1237667915955700028,3,1.09368206469757,0,181.374902230316,20.3119724910663,24.28133,23.44028,23.76713,24.04137,23.20269
25757,AT 2018aqc,170.72871,16.58972,CV,,NGC 3655,,,ZTF,,,Other - Other,P60 - SED-Machine,1,1,,13.8,Clear-,2018-04-03 21:26:10,Camarasa,,1237668495242821646,3,0.012612074300611,0.024907,170.728926679249,16.5896874117467,13.86334,12.79665,12.44011,12.20235,12.07429,1237668495242821646,3,0.012612074300611,0.024907,170.728926679249,16.5896874117467,13.86334,12.79665,12.44011,12.20235,12.07429
25742,SN 2018apn,237.51442,42.0883,SN Ia,0.03,SDSS J155003.56+420518.3,,"ASAS-SN, ATLAS, GaiaAlerts","ASAS-SN, ZTF",ASAS-SN; ATLAS; GaiaAlerts,ASASSN-18gs,"ASASSN-4 - Leavitt, ATLAS1 - ACAM1, Gaia - Gaia-photometric","MDM-2.4 - OSMOS, P60 - SED-Machine",1,1,,17,g-Sloan,2018-04-03 06:14:24,Stanek,,1237659161199772454,3,0.0222056423440062,0.131254,237.514876855351,42.0884484014324,22.78629,21.19563,20.78362,20.49673,20.16112,1237659161199772454,3,0.0222056423440062,0.131254,237.514876855351,42.0884484014324,22.78629,21.19563,20.78362,20.49673,20.16112
25739,SN 2018apk,144.64829,17.02917,SN Ia,0.028,NGC2943,,"ATLAS, GaiaAlerts",,ATLAS; GaiaAlerts,,"Other - Other, ATLAS1 - ACAM1, Gaia - Gaia-photometric",P60 - SED-Machine,1,1,,17,Clear-,2018-04-02 15:30:49,Tsuboi,,,,,,,,,,,,,1237667734492151972,3,0.954022518563882,0.041454,144.663914783372,17.0346136191141,18.18434,16.42271,15.63126,15.24819,14.96628
25759,SN 2018aqe,218.97258,35.28837,SN Ia,0.04455,2MASX J14355382+3517148,0.04455,"ASAS-SN, GaiaAlerts",ASAS-SN,ASAS-SN; GaiaAlerts,ASASSN-18gz,"ASASSN-4 - Leavitt, Gaia - Gaia-photometric",MDM-2.4 - OSMOS,1,1,,17.1,g-Sloan,2018-04-05 05:16:48,Stanek,,1237662225690001543,3,0.0954243772819481,0.055806,218.974194821688,35.2874800733362,18.34007,16.53006,15.71618,15.32397,15.05922,1237662225690001543,3,0.0954243772819481,0.055806,218.974194821688,35.2874800733362,18.34007,16.53006,15.71618,15.32397,15.05922
25727,SN 2018aoy,222.69967,54.408,SN Ia,0.05,IC1069,,"ISSP, ATLAS",ZTF,ATLAS; ISSP,,"Other - Other, ATLAS1 - ACAM1",P60 - SED-Machine,1,1,,18,Clear-,2018-04-02 03:49:47,Caimmi,,,,,,,,,,,,,1237659150459142239,3,0.280186399036718,0.02183,222.693838412522,54.4112075198571,16.17719,14.2542,13.38172,12.9687,12.6526
25719,SN 2018aoq,182.65912,39.39639,SN II,0.003319,NGC 4151,0.003319,"LOSS, ATLAS, GaiaAlerts",,ATLAS; GaiaAlerts; LOSS,kait-18P,"Other - Other, ATLAS1 - ACAM1, Gaia - Gaia-photometric",Kanata - HOWPol,1,1,,15.3,Clear-,2018-04-01 10:21:29,Zheng,,,,,,,,,,,,,1237664667907915840,3,1.22610065241268,0.025485,182.635697145688,39.4058770365495,13.94769,11.70577,11.26438,11.10298,11.14425
25755,SN 2018aqa,138.08408,13.67281,SN Ia,0.028,CGCG 062-004 ,0.02883,"ASAS-SN, ATLAS, GaiaAlerts",ePESSTO,ASAS-SN; ATLAS; GaiaAlerts,ASASSN-18gu,"ASASSN-3 - Paczynski, ATLAS1 - ACAM1, Gaia - Gaia-photometric",ESO-NTT - EFOSC2-NTT,1,1,,16.5,g-Sloan,2018-04-04 04:04:48,Stanek,,1237670964847771806,3,0.0789594356317647,0.029661,138.084857789198,13.6738873482279,17.01302,15.08735,14.253,13.8465,13.51795,1237670964847771806,3,0.0789594356317647,0.029661,138.084857789198,13.6738873482279,17.01302,15.08735,14.253,13.8465,13.51795
25683,SN 2018anh,243.75333,31.07195,SN II,0.0226,,,"ATLAS, GaiaAlerts",iPTF,ATLAS; GaiaAlerts,ATLAS18mtp,"ATLAS1 - ACAM1, Gaia - Gaia-photometric",P60 - SED-Machine,1,1,,17.773,orange-ATLAS,2018-03-28 14:34:04,ATLAS_Bot1,,1237661465989677364,6,0.030026122834601,0,243.753601938671,31.0723929262806,21.77339,21.4473,21.33848,21.59256,22.56629,1237661465989677352,3,0.182650218643212,0.020085,243.750250395818,31.0704304019936,16.70927,15.49499,15.00447,14.75493,14.62514
25700,SN 2018anx,245.78262,39.31496,SN II,0.017095,,,ATLAS,ASAS-SN,ATLAS,ATLAS18mvk,ATLAS1 - ACAM1,Lick 3m - KAST,1,1,,17.409,orange-ATLAS,2018-03-03 15:11:31,ATLAS_Bot1,,1237659324955361611,6,0.0204282658538717,0,245.782993331091,39.3147797401267,22.63249,22.57932,23.64452,24.36179,22.82689,1237659324955361609,3,0.105765990219506,0.022363,245.782846465406,39.3132059628768,16.69226,15.62618,15.2276,15.01258,14.93403
25650,SN 2018amb,138.73042,46.9025,SN II,0.0142,UGC 4870,,GaiaAlerts,,GaiaAlerts,,"Other - Other, Gaia - Gaia-photometric",P60 - SED-Machine,1,1,,18,Clear-,2018-03-25 21:21:36,cortini,,1237657633260699876,6,0.0624463516081732,0,138.72894420337,46.9022421608819,23.16449,25.11437,21.04559,24.3618,22.82689,1237657633260699874,3,0.0727976718035044,0.022539,138.731963360987,46.9031001243154,15.72732,14.20587,13.38812,12.95153,12.65989
25644,SN 2018alv,176.16879,13.56225,SN Ia,0.11,,,Pan-STARRS1,ePESSTO,Pan-STARRS1,PS18nh,PS1 - GPC1,ESO-NTT - EFOSC2-NTT,1,1,,19.31,w-PS1,2018-03-19 08:18:14,PS1_Bot1,,,,,,,,,,,,,1237661951324520915,3,0.154291850036202,0.106979,176.167437860624,13.5600397934664,19.97774,19.18161,18.87735,18.65238,18.84899
25647,SN 2018aly,225.48887,25.7711,SN Ia,0.0446,2MASX J15015731+2546168,0.044604,"ASAS-SN, ATLAS",ePESSTO,ASAS-SN; ATLAS,ASASSN-18gf,"ASASSN-4 - Leavitt, ATLAS1 - ACAM1",ESO-NTT - EFOSC2-NTT,1,1,,17.8,g-Sloan,2018-03-24 06:14:24,Stanek,,1237665179525644453,3,0.0183320512661625,0.0523,225.488630276812,25.7713162107771,18.3434,16.74817,15.96233,15.54502,15.19803,1237665179525644453,3,0.0183320512661625,0.0523,225.488630276812,25.7713162107771,18.3434,16.74817,15.96233,15.54502,15.19803
25625,SN 2018alc,218.33304,41.2676,SN Ib,0.0181,SDSS J143319.96+411556.8,0.01814,"ASAS-SN, ATLAS, GaiaAlerts",,ASAS-SN; ATLAS; GaiaAlerts,ASASSN-18ge,"ASASSN-4 - Leavitt, ATLAS1 - ACAM1, Gaia - Gaia-photometric",P60 - SED-Machine,1,1,,17.2,g-Sloan,2018-03-24 05:31:12,Stanek,,1237661433245335856,6,0.0894190624892011,0,218.332876475638,41.2661147594761,23.38544,25.11437,24.32293,23.95953,22.82689,1237661433245335847,3,0.109693147766856,0.026059,218.333202860448,41.2657758837552,18.39676,17.22792,16.86041,16.69183,16.58899
25615,SN 2018aks,157.46542,9.01286,SN Ic,0.06,2MASX J10295135+0900385,0.04797,"ASAS-SN, GaiaAlerts, ATLAS",Padova-Asiago,ASAS-SN; ATLAS; GaiaAlerts,ASASSN-18ga,"ASASSN-3 - Paczynski, Gaia - Gaia-photometric, ATLAS1 - ACAM1",Ekar - AFOSC,1,1,,17.9,g-Sloan,2018-03-22 06:14:24,Stanek,,1237658492806496366,3,0.038409413469984,0.134673,157.464834218957,9.01313401223326,21.94446,21.09075,20.81103,20.53584,20.48712,1237658492806496366,3,0.038409413469984,0.134673,157.464834218957,9.01313401223326,21.94446,21.09075,20.81103,20.53584,20.48712
25605,SN 2018aki,124.27879,56.00528,SN Ia,0.030211,2MASX J08170689+5600187,0.030211,"ASAS-SN, ATLAS",Padova-Asiago,ASAS-SN; ATLAS,ASASSN-18fw,"ASASSN-4 - Leavitt, ATLAS1 - ACAM1",Ekar - AFOSC,1,1,,17.3,g-Sloan,2018-03-21 03:21:36,Stanek,,1237663916267929886,3,0.00273536284584843,0.036515,124.278868321301,56.0052926792767,18.27855,16.5801,15.82122,15.44537,15.15995,1237663916267929886,3,0.00273536284584843,0.036515,124.278868321301,56.0052926792767,18.27855,16.5801,15.82122,15.44537,15.15995
25653,SN 2018ame,227.35633,25.47154,SN Ia-91bg-like,0.022,,,ATLAS,ePESSTO,ATLAS,ATLAS18mfr,ATLAS1 - ACAM1,ESO-NTT - EFOSC2-NTT,1,1,,17.6,orange-ATLAS,2018-02-28 15:28:48,ATLAS_Bot1,,1237665180063236282,3,0.0483020465344478,0.022109,227.356867656412,25.4708977619663,18.05876,16.93324,16.53297,16.34554,16.20128,1237665180063236282,3,0.0483020465344478,0.022109,227.356867656412,25.4708977619663,18.05876,16.93324,16.53297,16.34554,16.20128
25663,SN 2018amo,198.60621,50.97801,SN Ia,0.029664,CGCG 271-025 ,0.029664,"ASAS-SN, GaiaAlerts, ATLAS",,ASAS-SN; ATLAS; GaiaAlerts,ASASSN-18gi,"ASASSN-4 - Leavitt, Gaia - Gaia-photometric, ATLAS1 - ACAM1",P60 - SED-Machine,1,1,,17.5,g-Sloan,2018-03-26 06:28:48,Stanek,,,,,,,,,,,,,1237661957757010031,3,0.117333430734007,0.032036,198.608694577206,50.9791835069007,16.79103,14.91254,14.10181,13.69922,13.40832
