ID,Name,RA,DEC,Type,Redshift,Host Name,Host Redshift,Discovering Group/s,Classifying Group/s,Associated Group/s,Disc. Internal Name,Disc. Instrument/s,Class. Instrument/s,TNS AT,Public,End Prop. Period,Discovery Mag,Discovery Mag Filter,Discovery Date (UT),Sender,Ext. catalog/s,SDSS_star_objid,SDSS_star_type,SDSS_star_offset,SDSS_star_redshift,SDSS_star_ra,SDSS_star_dec,SDSS_star_u,SDSS_star_g,SDSS_star_r,SDSS_star_i,SDSS_star_z,SDSS_galaxy_objid,SDSS_galaxy_type,SDSS_galaxy_offset,SDSS_galaxy_redshift,SDSS_galaxy_ra,SDSS_galaxy_dec,SDSS_galaxy_u,SDSS_galaxy_g,SDSS_galaxy_r,SDSS_galaxy_i,SDSS_galaxy_z
26624,SN 2018bui,215.18192,13.69576,SN II,0.02,KUG 1418+139,0.020339,"ASAS-SN, ATLAS",ePESSTO,ASAS-SN; ATLAS,ASASSN-18kr,"ASASSN-3 - Paczynski, ATLAS1 - ACAM1",ESO-NTT - EFOSC2-NTT,1,1,,17.9,g-Sloan,2018-05-18 03:21:36,Stanek,,1237662637975207956,6,0.199691900455644,0,215.182861618776,13.6989599958584,23.59627,23.52705,23.25492,22.45331,21.90789,1237662637975207949,3,0.162458932791404,0.018002,215.179156724881,13.6961117489007,16.42517,15.35896,15.0454,14.88777,14.77933
26650,SN 2018bvi,213.57675,10.67821,SN Ib,0.02417,SDSS J141418.24+104039.0  ,0.02417,ASAS-SN,Global SN Project,ASAS-SN,ASASSN-18ky,"ASASSN-3 - Paczynski, ASASSN-1 - Brutus",FTN - FLOYDS-N,1,1,,17.6,V-Johnson,2018-05-20 08:52:48,Stanek,,1237662198814343330,6,0.110708443467475,0,213.577350638576,10.6799581893398,23.47471,22.93978,21.85644,21.3596,21.04651,1237662198814343328,3,0.0588660593123986,0.025562,213.576040586855,10.6775196595523,17.90862,16.78251,16.34556,16.13886,15.92727
26585,AT 2018bsv,257.236,27.39807,Galaxy,0.106,,,ZTF,ePESSTO,ZTF,ZTF18aarqliy,P48 - ZTF-Cam,ESO-NTT - EFOSC2-NTT,1,1,,18.33,r-ZTF,2018-04-24 10:29:16,ZTF_Bot1,,1237661388696715884,6,0.168001834981694,0,257.233823192493,27.3960439157784,24.49485,23.45657,23.3185,23.17076,22.59902,1237661388696715885,3,0.00524818537821266,0.072028,257.235948591142,27.398144617247,19.21676,17.21658,16.30145,15.89216,15.58177
26598,SN 2018bti,217.12921,37.06777,SN II,0.024826,,,ATLAS,Global SN Project,ATLAS,ATLAS18piz,ATLAS1 - ACAM1,FTN - FLOYDS-N,1,1,,18.944,orange-ATLAS,2018-05-16 11:31:12,ATLAS_Bot1,,1237662305653555304,6,0.137099340373366,0,217.127706053259,37.06971451289,24.27472,25.04623,24.49547,23.88334,21.21146,1237662305653555301,3,0.0175500309841951,0.032457,217.128856402032,37.0678471453177,18.09976,16.96095,16.52542,16.29518,16.05625
26599,SN 2018btj,249.24025,63.96993,SN Ia,0.0632,,,ATLAS,Global SN Project,ATLAS,ATLAS18pje,ATLAS1 - ACAM1,FTN - FLOYDS-N,1,1,,18.67,cyan-ATLAS,2018-05-18 11:35:31,ATLAS_Bot1,,1237671940876665115,6,0.159322382056744,0,249.246095116405,63.9692435801596,20.76929,19.51545,19.11537,18.88516,18.72088,1237671940876665112,3,0.0727804208552212,0.050362,249.243013975599,63.9699183451049,23.90625,20.8244,20.50433,20.44112,20.77806
26581,SN 2018bsr,291.91083,61.94683,SN Ia,,VII Zw 884,,ASAS-SN,ASAS-SN,ASAS-SN,ASASSN-18kl,ASASSN-4 - Leavitt,LT - SPRAT,1,1,,17.2,g-Sloan,2018-05-16 07:40:48,Stanek,,1237671939274375510,6,0.11329268282849,0,291.910668720846,61.9449433127103,22.66311,22.31558,21.67135,22.63393,21.43568,1237671939274375496,3,0.0334202245435567,0.034245,291.911530914356,61.9472789949972,18.04724,16.37993,15.68398,15.31369,14.97725
26605,SN 2018btp,210.149,-7.73504,SN Ia,0.076,,,ATLAS,ePESSTO,ATLAS,ATLAS18pkq,ATLAS1 - ACAM1,ESO-NTT - EFOSC2-NTT,1,1,,19.083,orange-ATLAS,2018-05-14 11:08:09,ATLAS_Bot1,,1237671992419745958,6,0.205136800633582,0,210.147850569047,-7.73826365448656,24.89825,22.95084,22.41619,21.50719,21.6578,1237671992419745945,3,0.0979669237327872,0.080214,210.147401711547,-7.73464285478559,18.78298,16.60694,15.67673,15.2535,14.90403
26569,SN 2018bsg,152.61712,2.23049,SN IIb,0.0217,UGC 05487,0.021686,ASAS-SN,ePESSTO,ASAS-SN,ASASSN-18ke,ASASSN-5 - Payne-Gaposchkin,ESO-NTT - EFOSC2-NTT,1,1,,17.9,g-Sloan,2018-05-15 18:00:00,Stanek,,1237651753998352559,6,0.0425921033485376,0,152.616553355382,2.23006184900665,21.95307,21.40727,20.99095,21.21075,21.25437,1237651753998352555,3,0.148837513141849,0.022277,152.616108734515,2.22822452188791,16.52291,15.22431,14.66115,14.35596,14.13158
26577,SN 2018bsn,224.3695,5.84253,SN Ia,0.059,2MASX J14572815+0550375,0.059,"TNTS, ATLAS, LOSS, ZTF",TNTS,ATLAS; LOSS; TNTS; ZTF,,"BAO-0.6m - BATC, ATLAS1 - ACAM1, Other - Other, P48 - ZTF-Cam",Lijiang-2.4m - YFOSC,1,1,,18.6,Clear-,2018-05-14 18:00:00,Li,,1237655744018579650,6,0.269697879938267,0,224.36702277559,5.84628921484906,22.10353,24.56246,24.093,23.91118,23.08448,1237655744018579649,3,0.14992534394267,0.039814,224.367402537693,5.84390478346457,17.81327,15.87806,15.05397,14.64639,14.32605
26580,SN 2018bsq,248.92817,4.82591,SN Ia,0.06,,,"ATLAS, Pan-STARRS1",ePESSTO,ATLAS; Pan-STARRS1,ATLAS18pda,"ATLAS1 - ACAM1, PS1 - GPC1",ESO-NTT - EFOSC2-NTT,1,1,,19.019,orange-ATLAS,2018-05-08 13:12:00,ATLAS_Bot1,,1237662198293006071,6,0.190047797460599,0,248.929832356481,4.82321019590376,23.90379,23.50048,22.3399,21.11783,20.55752,1237662198293005502,3,0.0521462104156457,0.102082,248.929042193669,4.82591178744067,21.75774,20.09813,19.58306,19.40354,19.22691
26505,SN 2018bqi,113.31633,-11.23403,SN Ia,0.032,,,ATLAS,ePESSTO,ATLAS,ATLAS18ovo,ATLAS1 - ACAM1,ESO-NTT - EFOSC2-NTT,1,1,,17.86,orange-ATLAS,2018-05-14 05:47:02,ATLAS_Bot1,,1237676485490116460,6,1.33801141367825,0,113.330418780019,-11.2515328544472,24.86677,23.20276,22.28143,21.46737,22.66858,1237676485490117747,3,1.44239376771675,0.359707,113.32463670211,-11.2566472360084,26.39819,25.05277,21.65284,20.40174,19.98681
26258,AT 2018biy,251.77379,-7.31558,Varstar,,,,"ATLAS, Pan-STARRS1",ePESSTO,ATLAS; Pan-STARRS1,ATLAS18ofx,"ATLAS1 - ACAM1, PS1 - GPC1",ESO-NTT - EFOSC2-NTT,1,1,,18.139,orange-ATLAS,2018-05-08 13:22:04,ATLAS_Bot1,,1237668650931650781,6,0.164361517472474,0,251.775725291648,-7.31753434779976,25.36965,24.46316,22.81023,22.32911,21.96703,1237668650931650787,3,0.0463961288457931,0.007601,251.773381968518,-7.31492109621664,25.84639,25.12143,22.95969,24.55067,22.8186
26225,SN 2018bhs,248.56567,26.88957,SN Ia,0.07,,,ATLAS,ePESSTO,ATLAS,ATLAS18oat,ATLAS1 - ACAM1,ESO-NTT - EFOSC2-NTT,1,1,,19.164,orange-ATLAS,2018-05-09 13:03:21,ATLAS_Bot1,,1237661465455428439,6,0.162722080125756,0,248.563580839887,26.8915406295337,24.21984,23.62248,22.86736,22.8312,21.50991,1237661465455428438,3,0.0737701549368743,0.420973,248.564605565537,26.8903512949652,24.55909,23.15154,21.65093,20.99854,20.69531
26237,SN 2018bie,188.93471,-0.22111,SN Ia-91T-like,0.022,,,ATLAS,ePESSTO,ATLAS,ATLAS18odq,ATLAS1 - ACAM1,ESO-NTT - EFOSC2-NTT,1,1,,18.281,orange-ATLAS,2018-05-10 09:43:12,ATLAS_Bot1,,1237648704042631193,6,0.45368438042178,0,188.927339146211,-0.219422936512392,24.84561,23.34988,23.29447,23.7658,21.92017,1237648704042631185,3,0.237593050418377,0.025069,188.931808117352,-0.223804417694058,17.5411,16.21349,15.74124,15.50862,15.31433
26244,SN 2018bil,167.45933,28.97138,SN Ia,0.032,,,ZTF,ePESSTO,ZTF,ZTF18aarcypa,P48 - ZTF-Cam,ESO-NTT - EFOSC2-NTT,1,1,,18.89,r-ZTF,2018-05-07 04:30:43,ZTF_Bot1,,1237667211596464314,6,0.316040154313393,0,167.464718131046,28.9737304815074,23.81707,25.37954,24.36435,21.17979,23.0726,1237667211596464313,3,0.0133027848320792,0.03884,167.459578688023,28.971337326926,17.61127,15.72726,14.92329,14.54517,14.26085
26222,SN 2018bhp,224.76904,19.5872,SN Ia,0.054,,,ATLAS,ePESSTO,ATLAS,ATLAS18oav,ATLAS1 - ACAM1,ESO-NTT - EFOSC2-NTT,1,1,,18.25,orange-ATLAS,2018-05-09 11:55:40,ATLAS_Bot1,,1237665566074470565,6,0.00283907320231185,0,224.769072916598,19.587235738653,22.12241,25.11438,24.31181,24.3618,22.8269,1237665566074470519,3,0.10180659781138,0.043446,224.767242185777,19.5873008241702,17.32492,15.48797,14.62523,14.23141,13.90107
26226,SN 2018bht,246.62421,17.32059,SN Ia,0.09,,,ATLAS,ePESSTO,ATLAS,ATLAS18oas,ATLAS1 - ACAM1,ESO-NTT - EFOSC2-NTT,1,1,,19.313,orange-ATLAS,2018-05-09 13:12:00,ATLAS_Bot1,,1237671691765744650,6,0.250467675523088,0,246.623700304537,17.3247360064367,24.87824,23.14946,21.47956,20.15585,19.55851,1237665536544539059,3,0.0283358130682521,0.124297,246.62373284168,17.3204653673194,21.10047,19.34555,18.40186,17.88568,17.45621
26208,SN 2018bhb,231.85508,-0.44789,SN Ia,0.053,CGCG 021-098  ,0.053,"PTSS, ATLAS","PTSS, ePESSTO",ATLAS; PTSS,PTSS-18ecg,"CNEOST - STA1600, ATLAS1 - ACAM1","Lijiang-2.4m - YFOSC, ESO-NTT - EFOSC2-NTT",1,1,,17.9,r-Sloan,2018-05-08 17:15:21,Li,,1237648720716562648,6,0.0163243788634815,0,231.855278031109,-0.447703426201814,25.50277,24.07784,22.05728,21.14067,20.3789,1237648720716562643,3,0.113270855800986,0.096685,231.854379756536,-0.446136815045195,21.31419,20.74472,20.59409,20.40873,20.79459
26209,SN 2018bhc,251.60537,25.42146,SN Ia,0.056,,,"GaiaAlerts, ATLAS",ePESSTO,ATLAS; GaiaAlerts,Gaia18bek,"Gaia - Gaia-photometric, ATLAS1 - ACAM1",ESO-NTT - EFOSC2-NTT,1,1,,17.8,G-Gaia,2018-05-07 18:31:40,Gaia_Bot1,,1237662474235216914,6,0.385105045813456,0,251.612080881338,25.4235718296301,24.75785,22.41049,21.50029,20.82671,20.27916,1237662474235216266,3,0.00340716402888975,0.075588,251.605431802545,25.4214704381127,19.76712,18.04527,17.19778,16.77378,16.44994
26206,SN 2018bgz,222.40958,25.3702,SN Ia,0.033927,,,"SNHunt, ATLAS, ASAS-SN",,ASAS-SN; ATLAS; CRTS; SNHunt,,"Other - Other, ATLAS1 - ACAM1, ASASSN-3 - Paczynski",LT - SPRAT,1,1,,18,V-crts-CRTS,2018-05-08 07:22:13,Drake,,1237665429711159405,6,0.327111897759984,0,222.408601835702,25.3755797503337,23.97254,22.78661,22.83948,22.29267,22.84679,1237665429711159372,3,0.020507994625616,0.411397,222.409203278098,25.3702310117529,24.29706,22.47868,21.23506,20.72147,20.25617
26202,SN 2018bgv,165.62621,55.59883,SLSN-I,0.08,,,"GaiaAlerts, ATLAS, Pan-STARRS1",NUTS,ATLAS; GaiaAlerts; Pan-STARRS1,Gaia18beg,"Gaia - Gaia-photometric, ATLAS1 - ACAM1, PS1 - GPC1",,1,1,,18.26,G-Gaia,2018-05-06 17:19:40,Gaia_Bot1,,1237657220950327446,6,0.626984126028003,0,165.609318737672,55.5945740983495,25.25513,23.73036,23.60476,22.16842,21.33026,1237657220950327558,3,0.0208092345288691,0.104186,165.626722610012,55.5986391952396,20.87276,20.01687,19.7222,19.48737,19.57391
26185,SN 2018bge,166.06662,50.03055,SN II,0.023894,,,"ATLAS, GaiaAlerts",,ATLAS; GaiaAlerts,ATLAS18nvj,"ATLAS1 - ACAM1, Gaia - Gaia-photometric",LT - SPRAT,1,1,,18.591,orange-ATLAS,2018-05-06 08:57:07,ATLAS_Bot1,,1237657855532269681,6,0.0814078539515618,0,166.068708730027,50.030348550915,22.52836,22.49488,22.11951,22.18065,22.2063,1237657855532269941,3,0.183576876075715,0.469681,166.064270670102,50.0278885059932,22.25463,21.83127,21.14286,20.97369,21.33386
26183,SN 2018bgc,128.47783,55.5415,SN Ia,,,,ATLAS,,ATLAS,ATLAS18nvs,ATLAS1 - ACAM1,BAO-2.16m - Cassegrain,1,1,,17.64,orange-ATLAS,2018-05-06 07:17:45,ATLAS_Bot1,,1237663529723887794,6,0.0672059056216974,0,128.479777419657,55.5412987503344,20.95478,20.69534,20.80452,21.04869,21.43059,1237663529723887802,3,0.226388179972873,0.28598,128.471179516862,55.5417778651686,23.77099,24.0224,24.4278,22.03795,21.18032
26172,SN 2018bfr,166.19792,-15.63311,SN Ia,0.072,2MASX J11044706-1538068,0.071746,"ASAS-SN, ATLAS",,ASAS-SN; ATLAS,ASASSN-18jp,"ASASSN-3 - Paczynski, ASASSN-5 - Payne-Gaposchkin, ATLAS1 - ACAM1",Lick 3m - KAST,1,1,,18.2,g-Sloan,2018-05-05 18:43:12,Stanek,,1237671142546669774,6,0.280911067988425,0,166.198452037777,-15.6284562686703,21.82242,20.44298,20.04313,19.88362,19.88473,1237671142546669772,3,0.164168922252698,0.061387,166.196187206778,-15.6352784109863,17.97268,15.98542,15.03979,14.57042,14.22228
26178,SN 2018bfx,199.52763,27.87339,SN Ia,,,,"ZTF, ATLAS",ZTF,ATLAS; ZTF,ZTF18aajpjdi,"P48 - ZTF-Cam, ATLAS1 - ACAM1",,1,1,,20.04,r-ZTF,2018-04-14 07:24:57,ZTF_Bot1,,1237667444587299304,6,0.57862711012363,0,199.516725011045,27.8731140240308,22.65775,22.3774,22.2478,21.96522,21.2794,1237667444587298906,3,0.0142224509044688,0.082104,199.527637727681,27.8731530576035,19.07353,18.1646,17.84087,17.53318,17.43182
26162,SN 2018bfh,155.67162,15.93892,SN Ia,0.044,CGCG 094-019,0.044541,"ASAS-SN, ZTF",DAO_OTS,ASAS-SN; ZTF,ASASSN-18jn,"ASASSN-5 - Payne-Gaposchkin, ASASSN-4 - Leavitt, P48 - ZTF-Cam","Lick 3m - KAST, Plaskett Telescope - Plaskett",1,1,,17,g-Sloan,2018-05-06 03:50:24,Stanek,,1237668496310206658,6,0.198890186755853,0,155.673417361536,15.9360913591322,24.21708,22.94663,22.47701,22.87867,22.26231,1237668496310206652,3,0.0324707763746711,0.035127,155.671376577452,15.9394079441212,17.05551,15.41455,14.66936,14.29824,14.01378
26174,SN 2018bft,208.32979,-4.85885,SN Ia,0.075,SDSS J135319.28-045134.6,0.063,,,,C17-0118,CTIO-4m - DECAM,Lick 3m - KAST,1,1,,19.826,i-Sloan,2018-05-02 14:44:26,Narayan,KEGS-C16;KEGS-C17,1237671957522088203,6,0.313079488822391,0,208.327021693619,-4.8544206834179,25.25486,21.68268,20.19216,18.61171,17.74251,1237671957522088204,3,0.0573674063454009,0.068163,208.330351035301,-4.85962567388294,19.21115,17.81734,17.20933,16.82898,16.56257
26182,SN 2018bgb,187.32329,6.34114,SN Ia,0.086,,,ZTF,ePESSTO,ZTF,ZTF18aaphzut,P48 - ZTF-Cam,ESO-NTT - EFOSC2-NTT,1,1,,18.76,r-ZTF,2018-05-05 04:03:21,ZTF_Bot1,,1237661970112840923,6,0.541306912107664,0,187.326858372662,6.34943546847935,25.12467,25.47071,24.10666,22.38059,22.31968,1237661970112840095,3,0.00988826891699952,0.128719,187.323131551054,6.34109141286971,21.67603,19.74373,18.81956,18.36445,17.99882
26170,SN 2018bfp,201.15925,-2.58111,SN Ib,0.053,SDSS J132438.21-023450.3,0.06,,,,C17-0116,CTIO-4m - DECAM,Gemini-N - GMOS,1,1,,22.444,g-Sloan,2018-04-24 16:38:36,Narayan,KEGS-C16;KEGS-C17,1237655498663330024,6,0.193341395374267,0,201.162407174226,-2.58177034304635,24.55906,21.23465,19.92468,19.37873,19.07409,1237655498663330025,3,0.027804473794824,0.07268,201.159224603917,-2.5806472871027,19.80075,18.54429,18.13777,17.87123,17.78604
26158,SN 2018bfd,217.25217,17.32517,SN Ia,0.052,,,ATLAS,,ATLAS,ATLAS18nut,ATLAS1 - ACAM1,Lick 3m - KAST,1,1,,18.083,orange-ATLAS,2018-05-05 11:05:16,ATLAS_Bot1,,1237668272441524284,6,0.111701752665604,0,217.254106207263,17.3253924292951,24.60762,24.97237,24.32092,22.32541,22.01697,1237668298217488585,3,0.412751883831733,0.044862,217.246811901265,17.3205700583077,17.31797,15.33867,14.47271,14.05312,13.73225
26157,SN 2018bfc,350.74308,-1.02789,SN Ia,0.034,SDSS J232258.36-010141.2,0.034266,ASAS-SN,,ASAS-SN,ASASSN-18jl,ASASSN-3 - Paczynski,Keck1 - LRIS,1,1,,16.9,g-Sloan,2018-05-05 09:36:00,Stanek,,1237656906351051106,6,0.0603240922566161,0,350.742338736293,-1.0272106347974,24.72092,23.11796,22.46425,22.8494,23.05043,1237656906351051104,3,0.0151405820989821,0.072922,350.743184440509,-1.02811972309078,19.27048,18.05561,17.62726,17.32285,17.22971
26159,SN 2018bfe,195.48075,7.60169,SN Ia,0.060885,,,ATLAS,,ATLAS,ATLAS18nuw,ATLAS1 - ACAM1,LT - SPRAT,1,1,,18.685,orange-ATLAS,2018-05-05 10:23:31,ATLAS_Bot1,,1237661976014880829,6,0.398394166762427,0,195.474291169424,7.59992884537541,24.2161,25.41847,22.98877,22.05172,21.6662,1237661976014880827,3,0.199799450358352,0.035535,195.478998616797,7.59884831865719,17.37522,15.86576,15.0854,14.68481,14.3603
26137,SN 2018bei,233.888,12.5679,SN II,0.028,LEDA 214391,0.02837,"LOSS, ZTF",ePESSTO,LOSS; ZTF,kait-18T,"Other - Other, P48 - ZTF-Cam",ESO-NTT - EFOSC2-NTT,1,1,,18.6,Clear-,2018-05-03 11:45:24,Zheng,,1237668270838251578,6,0.128036237453473,0,233.890101763358,12.5684877458729,22.50849,23.87704,23.87856,23.20438,21.60708,1237668270838251569,3,0.0287074122072244,0.032003,233.887661300204,12.5675541171453,18.15536,16.93082,16.50743,16.27254,16.18166
26136,SN 2018beh,142.84583,17.80831,SN Ib/c,0.06,SDSS J093123.09+174828.0,,"ASAS-SN, ATLAS",ePESSTO,ASAS-SN; ATLAS,ASASSN-18ji,"ASASSN-3 - Paczynski, ATLAS1 - ACAM1",ESO-NTT - EFOSC2-NTT,1,1,,17.4,g-Sloan,2018-05-04 00:57:36,Stanek,,1237667536393535865,6,0.0604199785025968,0,142.844772895625,17.8083431705915,24.32387,21.78253,20.35384,19.73401,19.45763,1237667536393535866,3,0.0384904396528279,0.068108,142.8462093593,17.8077798315382,20.5851,19.2461,18.86329,18.58203,18.42103
26115,SN 2018bdo,231.65958,28.86628,SN Ia,0.08,,,"GaiaAlerts, ZTF, ATLAS",NUTS,ATLAS; GaiaAlerts; ZTF,Gaia18bca,"Gaia - Gaia-photometric, P48 - ZTF-Cam, ATLAS1 - ACAM1",NOT - ALFOSC,1,1,,18.56,G-Gaia,2018-04-28 12:08:38,Gaia_Bot1,,1237662661602968042,6,0.0237192820513701,0,231.659761074399,28.8659178775796,24.1777,25.11425,24.65511,22.34842,22.25238,1237662661602968040,3,0.0127624872887845,0.096086,231.659817256567,28.866325534805,19.10822,17.80843,17.16231,16.76826,16.52267
26107,SN 2018bdg,179.90417,27.53057,SN Ia-91T-like,0.09,,,"GaiaAlerts, ATLAS, ZTF",ePESSTO,ATLAS; GaiaAlerts; ZTF,Gaia18bbq,"Gaia - Gaia-photometric, ATLAS1 - ACAM1, P48 - ZTF-Cam",ESO-NTT - EFOSC2-NTT,1,1,,18.88,G-Gaia,2018-04-28 01:09:07,Gaia_Bot1,,1237667323254997908,6,0.379193119755396,0,179.897120393981,27.5314984601865,24.74924,22.54455,21.17475,20.55415,20.25611,1237667323254997927,3,0.019601041783709,0.507341,179.904473981816,27.530754553128,21.67824,21.16788,21.04954,20.78315,20.67971
26108,SN 2018bdh,163.15962,22.22875,SN Ia,0.079,,,GaiaAlerts,ePESSTO,GaiaAlerts,Gaia18bbr,Gaia - Gaia-photometric,ESO-NTT - EFOSC2-NTT,1,1,,18.81,G-Gaia,2018-04-28 05:05:16,Gaia_Bot1,,1237667536402120855,6,0.188563584690219,0,163.162942734632,22.2293951953385,24.29833,24.38869,23.21059,23.57036,22.30568,1237667536402120850,3,0.111568734087252,0.074835,163.159091410365,22.2305439468098,18.54581,16.70633,15.80467,15.40456,15.09094
26087,SN 2018bcm,260.47942,29.30933,SN Ia,0.09,,,GaiaAlerts,ePESSTO,GaiaAlerts,Gaia18bav,Gaia - Gaia-photometric,ESO-NTT - EFOSC2-NTT,1,1,,18.6,G-Gaia,2018-04-25 18:28:48,Gaia_Bot1,,1237655130383844074,6,0.191313821231668,0,260.483016545915,29.3087542893236,24.74999,23.79862,24.57438,23.86257,23.0883,1237655130383844984,3,0.18410874252903,0.355051,260.481159172136,29.3119975326211,23.16919,22.12251,21.35446,21.09936,20.58469
26074,SN 2018bbz,261.96804,60.09606,SN Ia,0.028,PGC60339,,"ISSP, ZTF",NUTS,ISSP; ZTF,,"Other - Other, P48 - ZTF-Cam",NOT - ALFOSC,1,1,,17.9,Clear-,2018-04-26 00:28:48,Ciabattari,,1237656529992548545,6,0.350000402101992,0,261.97967613427,60.0954486663431,24.69421,22.75134,22.20548,21.96408,21.65757,1237656529992548527,3,0.0773049640294623,0.031595,261.968847622207,60.0972838891678,16.78494,14.85204,14.01812,13.58886,13.27892
26057,SN 2018bbk,118.11229,16.49403,SN II,0.038,,,ZTF,ZTF,ZTF,ZTF18aaewugy,P48 - ZTF-Cam,APO 3.5m - DIS,1,1,,18.7,r-ZTF,2018-03-05 03:36:00,ZTF_Bot1,,1237664835921838764,6,0.00233935489996189,0,118.11230734895,16.4940652624068,22.26776,21.94596,22.42986,22.48185,22.82694,1237664835921838760,3,0.075330197294868,0.03916,118.112478318168,16.4952724506603,19.37319,18.16536,17.8183,17.63643,17.48023
26041,SN 2018baw,261.64162,34.37356,SN Ia,0.062,,,ZTF,ZTF,ZTF,ZTF18aaibibr,P48 - ZTF-Cam,P200 - DBSP,1,1,,20.1,r-ZTF,2018-03-21 10:48:00,ZTF_Bot1,,1237665582724874633,6,0.0219384033968434,0,261.641188130988,34.373641447358,24.65623,25.13388,24.8115,22.2585,19.47559,1237665582724874628,3,0.0501540596033325,0.070597,261.640712880148,34.3739317007191,18.47944,17.03711,16.36959,15.98371,15.72638
26045,SN 2018bba,159.51662,45.25664,SN Ia,0.121,,,ZTF,ZTF,ZTF,ZTF18aahqavd,P48 - ZTF-Cam,P200 - DBSP,1,1,,20.3,r-ZTF,2018-04-10 06:14:24,ZTF_Bot1,,1237660636533293530,6,0.265828517220452,0,159.522906138368,45.2568600352086,24.73612,22.98687,22.04674,22.28619,22.01968,1237660636533293293,3,0.0393034862672895,0.105925,159.515985932111,45.2571194607038,20.55148,19.24388,18.76208,18.44326,18.43586
26040,SN 2018bav,251.85638,25.68508,SN Ia,0.114,,,ZTF,ZTF,ZTF,ZTF18aagrgao,P48 - ZTF-Cam,P200 - DBSP,1,1,,19.7,r-ZTF,2018-03-21 09:21:36,ZTF_Bot1,,1237662300840395239,6,0.382396269469813,0,251.849308238851,25.685021363226,23.74806,20.89804,19.75962,19.35406,19.08627,1237662300840395048,3,0.0427885117553939,0.12202,251.857106181214,25.6847966356526,19.71821,17.67036,16.60172,16.14991,15.80287
26044,SN 2018baz,246.05579,25.27206,SN Ia-91bg-like,0.1,,,ZTF,ZTF,ZTF,ZTF18aaiajvb,P48 - ZTF-Cam,P200 - DBSP,1,1,,20.6,r-ZTF,2018-03-21 09:50:24,ZTF_Bot1,,1237662640660021852,6,0.617940719143877,0,246.053038773334,25.2620660294843,21.71721,20.87692,20.39792,20.20301,20.0786,1237662640660021975,3,0.0179056274395282,0.110815,246.055920846738,25.2717860323659,24.16931,22.09181,21.35296,21.2618,21.72827
26038,SN 2018bat,219.45421,45.54928,SN Ia,0.124,,,ZTF,ZTF,ZTF,ZTF18aaguhgb,P48 - ZTF-Cam,P200 - DBSP,1,1,,19.7,g-ZTF,2018-03-30 12:00:00,ZTF_Bot1,,1237661212582084762,6,0.205284436874916,0,219.459071641392,45.5489412470226,24.02517,21.95527,21.3741,21.22445,21.02765,1237661212582084760,3,0.0524238664117832,0.134707,219.454241384126,45.5484065453647,18.71075,17.50717,16.77703,16.36634,16.09693
26039,SN 2018bau,176.54983,9.35503,SN Ia,0.08,,,"ZTF, ATLAS",ZTF,ATLAS; ZTF,ZTF18aahfxnn,"P48 - ZTF-Cam, ATLAS1 - ACAM1",P200 - DBSP,1,1,,19,r-ZTF,2018-04-06 05:31:12,ZTF_Bot1,,1237660613439652352,6,0.721234329589238,0,176.537714446829,9.35628959887461,22.27276,20.60179,19.90969,19.71169,19.68131,1237660613439652108,3,0.0693085624042567,0.085419,176.548694596951,9.35474843909812,20.16038,18.7844,18.24748,17.91824,17.68225
26035,SN 2018baq,177.93967,57.79954,SN Ia,0.064,,,"ATLAS, ZTF",ZTF,ATLAS; ZTF,ATLAS18nqr,"ATLAS1 - ACAM1, P48 - ZTF-Cam",LT - SPRAT,1,1,,18.471,orange-ATLAS,2018-04-12 10:12:00,ATLAS_Bot1,,1237661353779396736,6,0.210633772414097,0,177.945776187437,57.7982224626716,24.7691,24.16514,23.03906,21.5819,20.51099,1237661353779396732,3,0.0788293604855762,0.066971,177.937277583365,57.7998575367564,18.38168,17.27355,16.86406,16.57997,16.45386
26037,SN 2018bas,177.79775,16.52983,SN II,0.066,,,ZTF,ZTF,ZTF,ZTF18aahmrtf,P48 - ZTF-Cam,P200 - DBSP,1,1,,19.6,r-ZTF,2018-04-08 06:57:36,ZTF_Bot1,,1237668584362868841,6,0.751904951352891,0,177.795721879975,16.5174500085762,25.2384,23.76976,22.68098,21.93253,21.82173,1237668584362868845,3,0.0344412277787717,0.062209,177.797250979714,16.5301472325934,19.33101,18.35368,18.01493,17.77256,17.67977
26023,SN 2018bae,223.20642,18.08021,SN Ia,0.07,,,ATLAS,ePESSTO,ATLAS,ATLAS18nnp,ATLAS1 - ACAM1,ESO-NTT - EFOSC2-NTT,1,1,,19.192,cyan-ATLAS,2018-04-19 13:17:45,ATLAS_Bot1,,1237667782850511106,6,0.24938292650104,0,223.210548959488,18.0788428462015,21.53071,21.50536,21.2826,21.67946,21.13174,1237667782850511704,3,0.176859565688911,0.415347,223.205101151117,18.0828777492296,24.09959,22.93159,21.9658,21.49997,21.89867
26029,SN 2018bak,156.20021,-2.5099,SN Ia,0.088,,,GaiaAlerts,ePESSTO,GaiaAlerts,Gaia18baf,Gaia - Gaia-photometric,ESO-NTT - EFOSC2-NTT,1,1,,19.26,G-Gaia,2018-04-12 16:33:35,Gaia_Bot1,,1237650804269580784,6,0.29033447886195,0,156.200791882597,-2.50509613788977,22.2079,20.43447,19.74198,19.3742,19.16767,1237650804269580488,3,0.0178809870092545,0.077954,156.20013298964,-2.51018791419508,18.57088,17.60365,17.21229,16.88783,16.76527
26024,SN 2018baf,199.25658,-2.2769,SN Ia,0.12,SDSS J131701.56-021636.7,,SNHunt,ePESSTO,CRTS; SNHunt,,Other - Other,ESO-NTT - EFOSC2-NTT,1,1,,19.8,V-crts-CRTS,2018-04-23 06:19:31,Drake,,1237650761862086848,6,0.258956362803803,0,199.257577499162,-2.27270072675756,23.24731,20.89641,19.46268,18.29042,17.62447,1237650761862087202,3,0.00477002192291432,0.090871,199.256506909056,-2.27686859213349,20.80694,19.64755,19.27127,18.98711,18.93688
26021,SN 2018bac,160.67567,25.99477,SN Ia,0.0372,,,ATLAS,ZTF,ATLAS,ATLAS18nly,ATLAS1 - ACAM1,P60 - SED-Machine,1,1,,18.161,cyan-ATLAS,2018-04-19 09:54:43,ATLAS_Bot1,,1237667323784397502,6,0.255795079566879,0,160.679305537565,25.9975081386852,23.43529,24.42583,22.46269,23.2532,22.7381,1237667323784396862,3,0.051164261918091,0.035022,160.675995310999,25.995571039357,18.9369,17.93352,17.54519,17.3444,17.13487
26013,SN 2018azu,109.48308,40.98552,SN Ia,0.023,,,"ATLAS, GaiaAlerts",ZTF,ATLAS; GaiaAlerts,ATLAS18nlu,"ATLAS1 - ACAM1, Gaia - Gaia-photometric",P60 - SED-Machine,1,1,,17.632,orange-ATLAS,2018-04-12 06:53:16,ATLAS_Bot1,,1237673706650140827,6,0.113564900065595,0,109.483722653105,40.98734952411,20.87085,19.49697,19.17741,19.04782,19.11683,1237673706650140823,3,0.256982246855312,0.022173,109.487742739449,40.9830797028797,16.6807,15.54584,14.87468,14.55031,14.22613
25972,SN 2018ayg,220.91271,18.87018,SN Ia,0.031,2MASX J14433925+1852124,0.030973,"ASAS-SN, ATLAS","Padova-Asiago, ePESSTO",ASAS-SN; ATLAS,ASASSN-18iw,"ASASSN-4 - Leavitt, ASASSN-3 - Paczynski, ATLAS1 - ACAM1","Ekar - AFOSC, ESO-NTT - EFOSC2-NTT",1,1,,18.1,g-Sloan,2018-04-21 06:28:48,Stanek,,1237667735597351218,6,0.137174989518488,0,220.910298157394,18.8703157790369,20.89757,19.86587,19.46652,19.39952,19.26236,1237667735597351217,3,0.048036013288498,0.037441,220.913547985504,18.8700695672775,17.65911,15.78699,14.94395,14.51243,14.197
25971,SN 2018ayf,145.29429,24.02236,SN Ia-pec,0.07,2MASX J09411042+2401218,0.070028,"ASAS-SN, GaiaAlerts",Padova-Asiago,ASAS-SN; GaiaAlerts,ASASSN-18iv,"ASASSN-2 - Cassius, Gaia - Gaia-photometric",Ekar - AFOSC,1,1,,17,V-Johnson,2018-04-19 23:31:12,Stanek,,1237667211587551373,6,0.0672080585427888,0,145.295455365722,24.0227088463608,21.94877,21.29741,21.61637,21.25457,22.85061,1237667211587551371,3,0.0526198632809744,-9999,145.293555698478,24.021794948755,17.51552,16.74336,16.91034,17.36862,17.89644
25970,SN 2018aye,269.41817,50.03881,SN Ia,0.017,SDSS J175740.70+500154.1,,"ASAS-SN, ATLAS",Padova-Asiago,ASAS-SN; ATLAS,ASASSN-18iu,"ASASSN-4 - Leavitt, ATLAS1 - ACAM1",Ekar - AFOSC,1,1,,18,g-Sloan,2018-04-21 07:26:24,Stanek,,1237656564367032371,6,0.211568844153259,0,269.417410483599,50.0353177605794,22.0172,21.29519,21.31826,20.9127,21.33185,1237656564367032368,3,0.0726970987884916,0.1256,269.419939992749,50.0383908710816,21.04362,20.35653,20.35509,20.15122,20.27344
25932,SN 2018aws,185.57821,9.0313,SN Ia,0.14,SDSS J122218.98+090153.1,,SNHunt,ePESSTO,CRTS; SNHunt,,Other - Other,ESO-NTT - EFOSC2-NTT,1,1,,20.5,V-crts-CRTS,2018-04-20 06:22:02,Drake,,1237662236392948059,6,0.304141941930683,0,185.583169337554,9.03260621177342,24.88034,24.62985,23.21153,21.49602,22.14824,1237662236392948052,3,0.0524136919317297,0.17824,185.579089866436,9.03138956040495,19.798,18.88437,18.29818,17.97471,17.8534
25926,SN 2018awn,172.54842,4.41544,SN Ia,0.029123,2MASX J11301164+0424561,0.029123,ASAS-SN,"ePESSTO, Padova-Asiago",ASAS-SN,ASASSN-18io,"ASASSN-5 - Payne-Gaposchkin, ASASSN-3 - Paczynski","ESO-NTT - EFOSC2-NTT, Ekar - AFOSC",1,1,,16.9,g-Sloan,2018-04-20 05:16:48,Stanek,,1237654604794298875,6,0.306418389641969,0,172.544534802718,4.41211196485727,25.49786,23.1296,21.52139,20.11987,19.33026,1237654604794298408,3,0.0111084807723377,0.027564,172.54851577741,4.41559861393034,18.00154,16.57619,15.95818,15.66937,15.45153
25911,SN 2018avz,209.77287,58.26837,SN Ia,0.0606,,,"GaiaAlerts, ATLAS",ZTF,ATLAS; GaiaAlerts,Gaia18azf,"Gaia - Gaia-photometric, ATLAS1 - ACAM1",P60 - SED-Machine,1,1,,17.84,G-Gaia,2018-04-16 23:48:28,Gaia_Bot1,,1237659326552998034,6,0.362943557638808,0,209.780436952735,58.2638147292417,23.52287,22.75038,21.88783,21.71872,21.46909,1237659326552998032,3,0.00266857024455701,0.079937,209.772951401117,58.2683820517801,20.19402,18.88294,18.38997,18.09557,17.90684
25906,SN 2018avu,160.065,1.8882,SN Ia,0.08,,,GaiaAlerts,ePESSTO,GaiaAlerts,Gaia18aza,Gaia - Gaia-photometric,ESO-NTT - EFOSC2-NTT,1,1,,18.77,G-Gaia,2018-04-15 18:28:48,Gaia_Bot1,,1237651753464758584,6,0.178897262253235,0,160.062897044291,1.89031481628516,23.01,21.95215,20.96931,20.55738,20.18072,1237651753464758384,3,0.0570475652944941,0.118244,160.065823183402,1.8877234378956,20.69045,19.09161,18.26029,17.7952,17.47318
25892,SN 2018avg,193.45604,29.59106,SN Ia,0.0463,PGC 43834,0.04638,"POSS, ATLAS, GaiaAlerts",,ATLAS; GaiaAlerts; POSS,,"Other - Other, ATLAS1 - ACAM1, Gaia - Gaia-photometric",P60 - SED-Machine,1,1,,18.2,Clear-,2018-04-16 08:03:27,Puckett,,1237667254019031160,6,0.0526970394414265,0,193.456779366551,29.5916583503098,22.72009,23.35409,22.68922,22.81383,22.05948,1237667254019031139,3,0.244351105076445,0.02602,193.452509978473,29.5883836846187,16.50499,14.88476,14.12428,13.75479,13.46747
25896,SN 2018avk,197.86562,65.6381,SN Ic,0.132,,,"GaiaAlerts, ATLAS",,ATLAS; GaiaAlerts,Gaia18ayq,"Gaia - Gaia-photometric, ATLAS1 - ACAM1",MMT - MMT-Blue,1,1,,18.63,G-Gaia,2018-04-14 17:45:36,Gaia_Bot1,,1237651067892400349,6,0.0718899456241144,0,197.868186783976,65.6386608726495,23.46058,22.08526,20.78902,20.04437,19.69243,1237651067892400350,3,0.042975532137315,0.340763,197.867344164011,65.638015161327,23.21282,21.84117,21.02518,20.69022,20.68412
25901,SN 2018avp,195.11062,18.61947,SN Ia,0.048,SDSS J130026.83+183711.1,0.052717,"ASAS-SN, ATLAS, ZTF","Padova-Asiago, ePESSTO, ZTF",ASAS-SN; ATLAS; ZTF,ASASSN-18ii,"ASASSN-3 - Paczynski, ATLAS1 - ACAM1, P48 - ZTF-Cam","Ekar - AFOSC, ESO-NTT - EFOSC2-NTT, APO 3.5m - DIS",1,1,,17.9,g-Sloan,2018-04-16 06:00:00,Stanek,,1237668296597700820,6,0.0764851363897937,0,195.111957743762,18.619336349897,22.91922,25.1143,24.65443,24.36175,22.82688,1237668296597700818,3,0.0689961218477757,0.062844,195.111793335239,18.6197632253101,19.49075,18.02032,17.57643,17.30341,17.13182
25907,SN 2018avv,207.89317,-5.88994,SN Ia,0.06,SDSS J135134.34-055325.8,,"ASAS-SN, ATLAS",ePESSTO,ASAS-SN; ATLAS,ASASSN-18im,"ASASSN-3 - Paczynski, ATLAS1 - ACAM1",ESO-NTT - EFOSC2-NTT,1,1,,17.8,g-Sloan,2018-04-17 05:02:24,Stanek,,1237671956448674565,6,0.250942078783437,0,207.896829260999,-5.88788015384071,22.90513,22.63997,22.62094,22.01345,21.22213,1237671956448674014,3,0.0342421857992968,0.067238,207.893113418697,-5.89050792103021,19.65639,18.89417,18.67741,18.42876,18.3277
25881,SN 2018auv,162.31808,26.37309,SN Ia,0.0635,,,"GaiaAlerts, ATLAS",,ATLAS; GaiaAlerts,Gaia18ayd,"Gaia - Gaia-photometric, ATLAS1 - ACAM1",P60 - SED-Machine,1,1,,18.22,G-Gaia,2018-04-13 11:02:24,Gaia_Bot1,,1237667431176601698,6,0.130127004716417,0,162.32013999917,26.3742290489111,24.16114,24.61848,24.33424,23.81655,21.27258,1237667431176601683,3,0.17873423227226,0.048437,162.31810075901,26.3701111541893,16.916,15.4597,14.67621,14.25998,13.99668
25885,SN 2018auz,335.91037,4.63066,SN Ia,0.052,,,GaiaAlerts,ePESSTO,GaiaAlerts,Gaia18ayh,Gaia - Gaia-photometric,ESO-NTT - EFOSC2-NTT,1,1,,18.49,G-Gaia,2018-04-12 19:19:12,Gaia_Bot1,,1237678777930744168,6,0.126601120078515,0,335.908380302841,4.62993952592199,23.835,23.78066,21.52951,20.0764,19.26023,1237678777930744169,3,0.0135508233276195,0.086072,335.910332156767,4.63088267491253,25.22093,19.48246,19.05695,18.69555,18.66452
25877,SN 2018aur,191.16058,6.30132,SN Ia,0.0561,2MASX J12443847+0618049,0.056088,ASAS-SN,,ASAS-SN,ASASSN-18hz,ASASSN-3 - Paczynski,P60 - SED-Machine,1,1,,18.2,g-Sloan,2018-04-14 07:12:00,Stanek,,1237671764789297440,6,0.525360535281814,0,191.169127518735,6.29920163981348,21.7552,20.35493,19.68579,19.42617,19.33863,1237671764789297306,3,0.0164378580149521,0.078225,191.160304971958,6.30130191064268,19.40582,17.69525,16.89247,16.46563,16.18628
25875,SN 2018aup,127.91767,-4.11781,SN Ia,0.0405,MCG-01-22-018,,ATLAS,,ATLAS,,"Other - Other, ATLAS1 - ACAM1",P60 - SED-Machine,1,1,,17,Clear-,2018-04-15 11:35:20,Itagaki,,1237673709863633233,6,0.144288840865778,0,127.920020775897,-4.11834430457073,24.63464,20.92329,23.92708,24.3618,20.93298,1237673709863633235,3,0.094368324574867,-9999,127.918283343494,-4.11925895377814,17.65342,16.95236,16.92282,15.92515,23.17981
25865,SN 2018auf,334.30117,-3.89254,SN Ia,0.09,,,GaiaAlerts,ePESSTO,GaiaAlerts,Gaia18axz,Gaia - Gaia-photometric,ESO-NTT - EFOSC2-NTT,1,1,,18.89,G-Gaia,2018-04-11 01:26:24,Gaia_Bot1,,1237680066416738657,6,0.0955809439535148,0,334.299641970919,-3.89300215540169,24.17554,23.5164,24.08281,22.94257,21.21929,1237680066416738655,3,0.100197094046091,0.177624,334.299702427217,-3.89173694843972,19.66051,18.595,17.86066,17.46646,17.19519
25851,SN 2018ats,153.23454,46.41809,SN Ia,0.0382,,,"GaiaAlerts, ATLAS",,ATLAS; GaiaAlerts,Gaia18axn,"Gaia - Gaia-photometric, ATLAS1 - ACAM1",NOT - ALFOSC,1,1,,18.19,G-Gaia,2018-04-10 17:18:14,Gaia_Bot1,,1237658614123659297,6,0.222259612411467,0,153.230194324284,46.4202687988146,25.58653,21.4479,19.86539,18.24243,17.38122,1237658614123659296,3,0.109757637155873,0.041629,153.231946497853,46.4177032493372,17.08398,15.27191,14.41812,14.05169,13.74382
25850,SN 2018atr,206.64708,29.11017,SN Ia,0.08,2MASX J13463567+2906462,0.075545,TNTS,TNTS,TNTS,,BAO-0.6m - BATC,Lijiang-2.4m - YFOSC,1,1,,18.14,Clear-,2018-04-11 18:31:34,li,,1237665443130835531,6,0.551242650933697,0,206.656798741763,29.1066619803938,25.38786,23.51698,22.3661,22.48615,23.26007,1237665443130835030,3,0.178200294815201,0.100116,206.648526529932,29.1128577031377,18.77739,17.08254,16.15953,15.69596,15.35489
25849,SN 2018atq,176.76717,19.55078,SN IIn,0.17,SDSS J114704.04+193303.0,,"TNTS, ATLAS",ePESSTO,ATLAS; TNTS,,"BAO-0.6m - BATC, ATLAS1 - ACAM1",ESO-NTT - EFOSC2-NTT,1,1,,18.28,Clear-,2018-04-11 14:46:04,li,,1237668293376147620,6,0.100803936710613,0,176.768934614243,19.5510197255294,24.71507,23.2339,22.73886,22.36168,22.34811,1237668293376147618,3,0.019577650217679,0.163322,176.766826411007,19.5508204322943,21.15506,19.73928,18.88049,18.41359,18.13092
25833,SN 2018ata,190.38058,26.0331,SN Ia,0.19,NGC 4614,0.0161,SNHunt,Padova-Asiago,CRTS; SNHunt,,Other - Other,Ekar - AFOSC,1,1,,20.1,V-crts-CRTS,2018-04-10 06:30:17,Drake,,1237667448879448198,6,0.116291375155605,0,190.379018420873,26.0317629330385,23.73313,23.55163,23.00848,22.49738,22.15197,1237667448879448208,3,0.236165597571976,0.526196,190.384479941444,26.0313075621947,24.24207,23.90879,24.49484,23.16446,23.17631
25826,SN 2018ast,175.28317,24.81961,SN Ia-91bg-like,0.012,NGC3812,,"GaiaAlerts, ATLAS, ZTF","ASAS-SN, ZTF",ATLAS; GaiaAlerts; ZTF,,"Other - Other, Gaia - Gaia-photometric, ATLAS1 - ACAM1, P48 - ZTF-Cam","MDM-2.4 - OSMOS, P200 - DBSP",1,1,,16.7,Clear-,2018-04-08 12:34:33,Tanaka,,1237667911663157292,6,0.394718645139802,0,175.287857606513,24.824627709763,23.97603,23.16086,22.28951,24.3618,21.99567,1237667911663157297,3,0.13706061800194,-9999,175.280655413628,24.819706063498,23.71708,22.70544,23.865,24.3618,21.35664
25816,SN 2018asj,140.74483,9.06964,SN Ia,0.1,,,"GaiaAlerts, ATLAS",ePESSTO,ATLAS; GaiaAlerts,Gaia18awh,"Gaia - Gaia-photometric, ATLAS1 - ACAM1",ESO-NTT - EFOSC2-NTT,1,1,,18.8,G-Gaia,2018-04-05 22:39:21,Gaia_Bot1,,1237660670348559068,6,0.293912266613662,0,140.748088139648,9.06594623863405,25.32805,24.08443,22.59704,22.29027,22.42984,1237660670348559061,3,0.346984705491322,0.495628,140.743704305677,9.06396476636233,23.0021,22.96864,22.04681,22.68321,21.25009
25832,AT 2018asz,241.41767,15.59205,Galaxy,0.041,,,ATLAS,ePESSTO,ATLAS,ATLAS18nch,ATLAS1 - ACAM1,ESO-NTT - EFOSC2-NTT,1,1,,18.956,orange-ATLAS,2018-03-30 12:25:55,ATLAS_Bot1,,1237665567692227135,6,0.172770082822691,0,241.418565790035,15.5947971933762,21.01883,19.3303,18.55183,18.26357,18.06803,1237665567692227134,3,0.00405807779287262,0.054344,241.4176636952,15.5919826385537,17.88825,16.20054,15.35351,14.96123,14.68153
25801,SN 2018aru,200.57842,-1.88111,SN II,0.047,SDSS J132218.87-015251.4,0.06,,,,C17-0059,CTIO-4m - DECAM,SOAR - Goodman,1,1,,20.775,g-Sloan,2018-04-06 13:48:06,Narayan,KEGS-C16;KEGS-C17,1237655495441449524,6,0.27981332648811,0,200.579379166824,-1.88567396122791,24.00279,22.56758,22.13492,21.60003,21.50132,1237655495441449134,3,0.0169244491110258,0.057241,200.578659453854,-1.88096070345803,18.62291,17.55638,17.18903,16.90415,16.74651
25783,SN 2018arc,265.5675,50.48875,SN II,0.03,,,ATLAS,ZTF,ATLAS,ATLAS18mzw,ATLAS1 - ACAM1,P60 - SED-Machine,1,1,,18.156,orange-ATLAS,2018-04-06 14:31:12,ATLAS_Bot1,,1237659896713773405,6,0.152664639570326,0,265.56831939454,50.4862595716338,22.51933,21.66212,21.89093,21.8771,21.5681,1237659896713773403,3,0.00992478311563283,0.035197,265.567401852624,50.4885968263164,16.77046,15.51304,15.03678,14.73173,14.51759
25785,SN 2018are,207.362,26.46192,SN Ia-91T-like,0.08,2MASX J13492678+2627426,0.076358,"ASAS-SN, ATLAS",ePESSTO,ASAS-SN; ATLAS,ASASSN-18hh,"ASASSN-4 - Leavitt, ATLAS1 - ACAM1",ESO-NTT - EFOSC2-NTT,1,1,,18.3,g-Sloan,2018-04-05 03:50:24,Stanek,,1237665532782903361,6,0.282160193657277,0,207.357305217187,26.4598104274943,23.62713,24.41611,23.15795,22.74095,22.95854,1237665532782903318,3,0.0289002531117594,0.073066,207.361463256852,26.4618865646781,18.68204,16.7597,15.86666,15.41285,15.08702
25779,SN 2018aqy,128.93942,28.27028,SN Ia,0.07,,,ATLAS,ZTF,ATLAS,ATLAS18mzs,ATLAS1 - ACAM1,P60 - SED-Machine,1,1,,18.42,orange-ATLAS,2018-03-30 08:51:21,ATLAS_Bot1,,1237661088032556038,6,0.210971870667742,0,128.943040295826,28.2717623611501,25.13522,23.46984,23.32474,22.04514,21.62816,1237661088032555305,3,0.0267731884893706,0.08008,128.938966080467,28.2704782180915,20.74641,19.36987,18.977,18.69658,18.63811
25767,SN 2018aqm,248.04825,42.71322,SN Ia,0.032,2MFGC 13255,0.032402,"TNTS, ATLAS, ZTF",ZTF,ATLAS; TNTS; ZTF,,"BAO-0.6m - BATC, ATLAS1 - ACAM1, P48 - ZTF-Cam","BAO-2.16m - Cassegrain, P200 - DBSP",1,1,,17.29,Clear-,2018-04-06 18:06:12,li,,1237655501882982657,6,0.14113080238987,0,248.050571939173,42.7116007341409,22.89265,22.32926,21.72231,21.15106,21.13608,1237655501882982651,3,0.0515147021675716,0.053085,248.047403211999,42.7138116478245,18.52126,16.51775,15.5428,15.04271,14.59732
25765,SN 2018aqk,181.24362,32.39143,SN Ia,0.054,CGCG 187-001,0.054054,"ASAS-SN, GaiaAlerts, ATLAS, ZTF","ASAS-SN, ZTF",ASAS-SN; ATLAS; GaiaAlerts; ZTF,ASASSN-18he,"ASASSN-4 - Leavitt, Gaia - Gaia-photometric, ATLAS1 - ACAM1, P48 - ZTF-Cam","MDM-2.4 - OSMOS, APO 3.5m - DIS",1,1,,17.8,g-Sloan,2018-04-05 02:38:24,Stanek,,1237665226767204469,6,0.050861927852488,0,181.244299441681,32.3920540464445,23.68549,22.71595,24.26726,21.37759,22.82689,1237665226767204466,3,0.112325243516913,0.032145,181.245816276559,32.3911743981802,16.90172,15.1799,14.40328,13.9982,13.70445
25764,SN 2018aqj,180.42962,8.13469,SN Ia,0.042,2MASX J12014308+0808037,0.041092,"ASAS-SN, ATLAS",ePESSTO,ASAS-SN; ATLAS,ASASSN-18hd,"ASASSN-3 - Paczynski, ATLAS1 - ACAM1",ESO-NTT - EFOSC2-NTT,1,1,,17,g-Sloan,2018-04-06 06:28:48,Stanek,,1237671129129681075,6,0.193909572069743,0,180.432861366347,8.13430451377968,24.25918,22.6331,22.91736,21.76607,22.40391,1237671129129681073,3,0.0180237282419055,0.051466,180.429533413959,8.13440209306704,18.33496,16.54628,15.76426,15.40271,15.13554
25762,SN 2018aqh,181.36112,20.29912,SN Ia,0.024,,,ATLAS,ePESSTO,ATLAS,ATLAS18myy,"ATLAS1 - ACAM1, Other - Other",ESO-NTT - EFOSC2-NTT,1,1,,16.69,orange-ATLAS,2018-04-05 10:46:33,ATLAS_Bot1,,1237667915955700023,6,0.0269734634337966,0,181.361270550424,20.2986931926135,24.16841,24.03754,22.98052,24.02936,23.21181,1237667915955700006,3,0.146261754616965,0.230864,181.363658900124,20.2996417014704,23.01879,24.00164,23.61857,22.46227,21.3246
25757,AT 2018aqc,170.72871,16.58972,CV,,NGC 3655,,,ZTF,,,Other - Other,P60 - SED-Machine,1,1,,13.8,Clear-,2018-04-03 21:26:10,Camarasa,,1237668495242821652,6,0.185864158625869,0,170.727247057205,16.5924822931116,21.35795,20.39227,20.12051,20.67411,21.24231,1237668495242821646,3,0.012612074300611,0.024907,170.728926679249,16.5896874117467,13.86334,12.79665,12.44011,12.20235,12.07429
25755,SN 2018aqa,138.08408,13.67281,SN Ia,0.028,CGCG 062-004 ,0.02883,"ASAS-SN, ATLAS, GaiaAlerts",ePESSTO,ASAS-SN; ATLAS; GaiaAlerts,ASASSN-18gu,"ASASSN-3 - Paczynski, ATLAS1 - ACAM1, Gaia - Gaia-photometric",ESO-NTT - EFOSC2-NTT,1,1,,16.5,g-Sloan,2018-04-04 04:04:48,Stanek,,1237670964847771810,6,0.284634164207465,0,138.088593315932,13.6710009666429,25.16772,23.72957,23.24341,21.62588,21.45618,1237670964847771806,3,0.0789594356317647,0.029661,138.084857789198,13.6738873482279,17.01302,15.08735,14.253,13.8465,13.51795
25759,SN 2018aqe,218.97258,35.28837,SN Ia,0.04455,2MASX J14355382+3517148,0.04455,"ASAS-SN, GaiaAlerts",ASAS-SN,ASAS-SN; GaiaAlerts,ASASSN-18gz,"ASASSN-4 - Leavitt, Gaia - Gaia-photometric",MDM-2.4 - OSMOS,1,1,,17.1,g-Sloan,2018-04-05 05:16:48,Stanek,,1237662225690001544,6,0.229756017586581,0,218.976930556312,35.2898027426966,21.57703,18.96037,17.77502,17.36256,17.09207,1237662225690001543,3,0.0954243772819481,0.055806,218.974194821688,35.2874800733362,18.34007,16.53006,15.71618,15.32397,15.05922
25766,SN 2018aql,254.27067,39.38169,SN IIP,0.074,SDSS J165705.00+392253.8,,"TNTS, ATLAS",TNTS,ATLAS; TNTS,,"BAO-0.6m - BATC, ATLAS1 - ACAM1",Lijiang-2.4m - YFOSC,1,1,,18.22,Clear-,2018-04-06 19:40:19,li,,1237655504569697056,6,0.32171318236741,0,254.26509791979,39.378496271184,21.87673,21.27154,20.85824,20.89764,20.91082,1237655504569696955,3,0.00842241932986231,0.105741,254.270844674536,39.381651575642,20.91965,19.27867,18.50047,18.14862,17.88458
25742,SN 2018apn,237.51442,42.0883,SN Ia,0.03,SDSS J155003.56+420518.3,,"ASAS-SN, ATLAS, GaiaAlerts","ASAS-SN, ZTF",ASAS-SN; ATLAS; GaiaAlerts,ASASSN-18gs,"ASASSN-4 - Leavitt, ATLAS1 - ACAM1, Gaia - Gaia-photometric","MDM-2.4 - OSMOS, P60 - SED-Machine",1,1,,17,g-Sloan,2018-04-03 06:14:24,Stanek,,1237659161199772438,6,0.48701449636126,0,237.509643471135,42.0956020946374,23.42711,22.98309,22.10546,21.80728,22.36886,1237659161199772454,3,0.0222056423440062,0.131254,237.514876855351,42.0884484014324,22.78629,21.19563,20.78362,20.49673,20.16112
25739,SN 2018apk,144.64829,17.02917,SN Ia,0.028,NGC2943,,"ATLAS, GaiaAlerts",,ATLAS; GaiaAlerts,,"Other - Other, ATLAS1 - ACAM1, Gaia - Gaia-photometric",P60 - SED-Machine,1,1,,17,Clear-,2018-04-02 15:30:49,Tsuboi,,1237667734492086350,6,0.149712459691876,0,144.646812593199,17.0271131789486,24.64881,23.47394,23.47467,22.75465,22.34731,1237667734492152002,3,0.386681849463775,0.260139,144.654119796572,17.0324046603625,24.84305,24.53907,24.44817,22.53467,22.32168
25727,SN 2018aoy,222.69967,54.408,SN Ia,0.05,IC1069,,"ISSP, ATLAS",ZTF,ATLAS; ISSP,,"Other - Other, ATLAS1 - ACAM1",P60 - SED-Machine,1,1,,18,Clear-,2018-04-02 03:49:47,Caimmi,,1237659150459207708,6,0.286766008786349,0,222.699816762781,54.403221329953,23.86445,25.14906,22.89231,23.39886,22.59775,1237659150459207711,3,0.131395507359768,-9999,222.697095827038,54.4095972718486,19.51682,16.81948,23.27562,21.65944,21.48402
25719,SN 2018aoq,182.65912,39.39639,SN II,0.003319,NGC 4151,0.003319,"LOSS, ATLAS, GaiaAlerts",,ATLAS; GaiaAlerts; LOSS,kait-18P,"Other - Other, ATLAS1 - ACAM1, Gaia - Gaia-photometric",Kanata - HOWPol,1,1,,15.3,Clear-,2018-04-01 10:21:29,Zheng,,1237664667907915863,6,0.20568844258077,0,182.655305928158,39.3981407478695,22.04889,22.49286,24.80203,24.36181,22.8269,1237664667907915876,3,0.179285888987701,0.37474,182.656873599672,39.3988221354205,19.30302,16.02958,14.9414,14.86764,16.43854
25700,SN 2018anx,245.78262,39.31496,SN II,0.017095,,,ATLAS,ASAS-SN,ATLAS,ATLAS18mvk,ATLAS1 - ACAM1,Lick 3m - KAST,1,1,,17.409,orange-ATLAS,2018-03-03 15:11:31,ATLAS_Bot1,,1237659324955361611,6,0.0204282658538717,0,245.782993331091,39.3147797401267,22.63249,22.57932,23.64452,24.36179,22.82689,1237659324955361609,3,0.105765990219506,0.022363,245.782846465406,39.3132059628768,16.69226,15.62618,15.2276,15.01258,14.93403
25683,SN 2018anh,243.75333,31.07195,SN II,0.0226,,,"ATLAS, GaiaAlerts",iPTF,ATLAS; GaiaAlerts,ATLAS18mtp,"ATLAS1 - ACAM1, Gaia - Gaia-photometric",P60 - SED-Machine,1,1,,17.773,orange-ATLAS,2018-03-28 14:34:04,ATLAS_Bot1,,1237661465989677364,6,0.030026122834601,0,243.753601938671,31.0723929262806,21.77339,21.4473,21.33848,21.59256,22.56629,1237661465989677352,3,0.182650218643212,0.020085,243.750250395818,31.0704304019936,16.70927,15.49499,15.00447,14.75493,14.62514
25650,SN 2018amb,138.73042,46.9025,SN II,0.0142,UGC 4870,,GaiaAlerts,,GaiaAlerts,,"Other - Other, Gaia - Gaia-photometric",P60 - SED-Machine,1,1,,18,Clear-,2018-03-25 21:21:36,cortini,,1237657633260699876,6,0.0624463516081732,0,138.72894420337,46.9022421608819,23.16449,25.11437,21.04559,24.3618,22.82689,1237657633260699874,3,0.0727976718035044,0.022539,138.731963360987,46.9031001243154,15.72732,14.20587,13.38812,12.95153,12.65989
25653,SN 2018ame,227.35633,25.47154,SN Ia-91bg-like,0.022,,,ATLAS,ePESSTO,ATLAS,ATLAS18mfr,ATLAS1 - ACAM1,ESO-NTT - EFOSC2-NTT,1,1,,17.6,orange-ATLAS,2018-02-28 15:28:48,ATLAS_Bot1,,1237665180063236283,6,0.107601335073112,0,227.354347587184,25.4714258846444,21.06348,20.2896,20.03629,19.89844,20.06358,1237665180063236282,3,0.0483020465344478,0.022109,227.356867656412,25.4708977619663,18.05876,16.93324,16.53297,16.34554,16.20128
25663,SN 2018amo,198.60621,50.97801,SN Ia,0.029664,CGCG 271-025 ,0.029664,"ASAS-SN, GaiaAlerts, ATLAS",,ASAS-SN; ATLAS; GaiaAlerts,ASASSN-18gi,"ASASSN-4 - Leavitt, Gaia - Gaia-photometric, ATLAS1 - ACAM1",P60 - SED-Machine,1,1,,17.5,g-Sloan,2018-03-26 06:28:48,Stanek,,1237661957757010035,6,0.206883109996063,0,198.606713700004,50.9745765648502,24.86847,24.72063,24.80202,22.72989,22.69616,1237661957757010031,3,0.117333430734007,0.032036,198.608694577206,50.9791835069007,16.79103,14.91254,14.10181,13.69922,13.40832
25647,SN 2018aly,225.48887,25.7711,SN Ia,0.0446,2MASX J15015731+2546168,0.044604,"ASAS-SN, ATLAS",ePESSTO,ASAS-SN; ATLAS,ASASSN-18gf,"ASASSN-4 - Leavitt, ATLAS1 - ACAM1",ESO-NTT - EFOSC2-NTT,1,1,,17.8,g-Sloan,2018-03-24 06:14:24,Stanek,,1237665179525645305,6,0.474147169043116,0,225.482415197753,25.7764536612281,24.40231,25.2012,24.91543,25.76568,20.72128,1237665179525644453,3,0.0183320512661625,0.0523,225.488630276812,25.7713162107771,18.3434,16.74817,15.96233,15.54502,15.19803
25625,SN 2018alc,218.33304,41.2676,SN Ib,0.0181,SDSS J143319.96+411556.8,0.01814,"ASAS-SN, ATLAS, GaiaAlerts",,ASAS-SN; ATLAS; GaiaAlerts,ASASSN-18ge,"ASASSN-4 - Leavitt, ATLAS1 - ACAM1, Gaia - Gaia-photometric",P60 - SED-Machine,1,1,,17.2,g-Sloan,2018-03-24 05:31:12,Stanek,,1237661433245335856,6,0.0894190624892011,0,218.332876475638,41.2661147594761,23.38544,25.11437,24.32293,23.95953,22.82689,1237661433245335847,3,0.109693147766856,0.026059,218.333202860448,41.2657758837552,18.39676,17.22792,16.86041,16.69183,16.58899
25644,SN 2018alv,176.16879,13.56225,SN Ia,0.11,,,Pan-STARRS1,ePESSTO,Pan-STARRS1,PS18nh,PS1 - GPC1,ESO-NTT - EFOSC2-NTT,1,1,,19.31,w-PS1,2018-03-19 08:18:14,PS1_Bot1,,1237661951324586208,6,0.246902094212404,0,176.173022471628,13.5621807863157,25.11222,23.00631,21.68452,21.08061,20.32889,1237661951324520915,3,0.154291850036202,0.106979,176.167437860624,13.5600397934664,19.97774,19.18161,18.87735,18.65238,18.84899
25605,SN 2018aki,124.27879,56.00528,SN Ia,0.030211,2MASX J08170689+5600187,0.030211,"ASAS-SN, ATLAS",Padova-Asiago,ASAS-SN; ATLAS,ASASSN-18fw,"ASASSN-4 - Leavitt, ATLAS1 - ACAM1",Ekar - AFOSC,1,1,,17.3,g-Sloan,2018-03-21 03:21:36,Stanek,,1237663916267929888,6,0.234096335959113,0,124.285633217792,56.0045166080202,23.72356,24.18921,24.63095,22.26273,23.2456,1237663916267929886,3,0.00273536284584843,0.036515,124.278868321301,56.0052926792767,18.27855,16.5801,15.82122,15.44537,15.15995
25615,SN 2018aks,157.46542,9.01286,SN Ic,0.06,2MASX J10295135+0900385,0.04797,"ASAS-SN, GaiaAlerts, ATLAS",Padova-Asiago,ASAS-SN; ATLAS; GaiaAlerts,ASASSN-18ga,"ASASSN-3 - Paczynski, Gaia - Gaia-photometric, ATLAS1 - ACAM1",Ekar - AFOSC,1,1,,17.9,g-Sloan,2018-03-22 06:14:24,Stanek,,1237658492806496367,6,0.100003904712498,0,157.466508681183,9.01158648096177,25.37637,22.88416,21.48044,20.32788,20.06254,1237658492806496366,3,0.038409413469984,0.134673,157.464834218957,9.01313401223326,21.94446,21.09075,20.81103,20.53584,20.48712
